API,Predicate,Subject,Object
Retriever,biolink:related_to,biolink:BiologicalProcess,biolink:ComplexMolecularMixture
Retriever,biolink:treats_or_applied_or_studied_to_treat,biolink:SmallMolecule,biolink:BiologicalProcess
Retriever,biolink:causes,biolink:BiologicalProcess,biolink:Phenomenon
Retriever,biolink:diagnoses,biolink:Publication,biolink:BiologicalProcess
Retriever,biolink:derives_from,biolink:MolecularMixture,biolink:OrganismTaxon
Retriever,biolink:coexists_with,biolink:Disease,biolink:ComplexMolecularMixture
Retriever,biolink:predisposes_to_condition,biolink:Phenomenon,biolink:BiologicalProcess
Retriever,biolink:diagnoses,biolink:Publication,biolink:Procedure
Retriever,biolink:located_in,biolink:BiologicalProcess,biolink:Cohort
Retriever,biolink:occurs_in,biolink:GrossAnatomicalStructure,biolink:PhenotypicFeature
Retriever,biolink:treats_or_applied_or_studied_to_treat,biolink:Procedure,biolink:BiologicalProcess
Retriever,biolink:coexists_with,biolink:BiologicalProcess,biolink:ChemicalEntity
Retriever,biolink:produces,biolink:CellularComponent,biolink:CellularComponent
Retriever,biolink:manifestation_of,biolink:BiologicalProcess,biolink:InformationContentEntity
Retriever,biolink:predisposes_to_condition,biolink:InformationContentEntity,biolink:BiologicalProcess
Retriever,biolink:has_side_effect,biolink:Drug,biolink:Disease
Retriever,biolink:has_side_effect,biolink:Drug,biolink:PhenotypicFeature
Retriever,biolink:has_side_effect,biolink:Drug,biolink:Procedure
Retriever,biolink:has_side_effect,biolink:Drug,biolink:BiologicalProcess
Retriever,biolink:has_side_effect,biolink:SmallMolecule,biolink:BiologicalProcess
Retriever,biolink:has_side_effect,biolink:Drug,biolink:Behavior
Retriever,biolink:has_side_effect,biolink:Drug,biolink:AnatomicalEntity
Retriever,biolink:has_side_effect,biolink:MolecularMixture,biolink:BiologicalProcess
Retriever,biolink:has_side_effect,biolink:Drug,biolink:Phenomenon
Retriever,biolink:has_side_effect,biolink:Drug,biolink:InformationContentEntity
Retriever,biolink:has_side_effect,biolink:Drug,biolink:ClinicalAttribute
Retriever,biolink:directly_physically_interacts_with,biolink:Drug,biolink:SmallMolecule
Retriever,biolink:directly_physically_interacts_with,biolink:SmallMolecule,biolink:Drug
Retriever,biolink:directly_physically_interacts_with,biolink:Protein,biolink:Drug
Retriever,biolink:directly_physically_interacts_with,biolink:Gene,biolink:Drug
Retriever,biolink:directly_physically_interacts_with,biolink:Drug,biolink:Drug
Retriever,biolink:directly_physically_interacts_with,biolink:Drug,biolink:ChemicalEntity
Retriever,biolink:directly_physically_interacts_with,biolink:Drug,biolink:MolecularMixture
Retriever,biolink:contributes_to,biolink:MolecularMixture,biolink:PhenotypicFeature
Retriever,biolink:contributes_to,biolink:Disease,biolink:Protein
Retriever,biolink:contributes_to,biolink:Disease,biolink:SmallMolecule
Retriever,biolink:contributes_to,biolink:Disease,biolink:Drug
Retriever,biolink:contributes_to,biolink:PhenotypicFeature,biolink:Drug
Retriever,biolink:studied_to_treat,biolink:MolecularMixture,biolink:Disease
Retriever,biolink:studied_to_treat,biolink:SmallMolecule,biolink:PhenotypicFeature
Retriever,biolink:studied_to_treat,biolink:Drug,biolink:Disease
Retriever,biolink:studied_to_treat,biolink:MolecularMixture,biolink:PhenotypicFeature
Retriever,biolink:studied_to_treat,biolink:Drug,biolink:PhenotypicFeature
Retriever,biolink:has_phenotype,biolink:Protein,biolink:PhenotypicFeature
Retriever,biolink:has_phenotype,biolink:Protein,biolink:Disease
Retriever,biolink:has_phenotype,biolink:Gene,biolink:Disease
Retriever,biolink:has_substrate,biolink:Protein,biolink:Drug
Retriever,biolink:has_substrate,biolink:Gene,biolink:Drug
Retriever,biolink:associated_with,biolink:Drug,biolink:BiologicalProcess
Retriever,biolink:associated_with,biolink:ChemicalEntity,biolink:Pathway
Retriever,biolink:associated_with,biolink:ChemicalEntity,biolink:BiologicalProcess
Retriever,biolink:associated_with,biolink:Drug,biolink:CellularComponent
Retriever,biolink:associated_with,biolink:Drug,biolink:MolecularActivity
Retriever,biolink:associated_with,biolink:Protein,biolink:BiologicalProcess
Retriever,biolink:associated_with,biolink:Drug,biolink:Pathway
Retriever,biolink:positively_correlated_with,biolink:SmallMolecule,biolink:BiologicalProcess
Retriever,biolink:affects_sensitivity_to,biolink:Protein,biolink:Drug
Retriever,biolink:affects_sensitivity_to,biolink:Protein,biolink:SmallMolecule
Retriever,biolink:affects_sensitivity_to,biolink:Gene,biolink:Drug
Retriever,biolink:associated_with,biolink:ChemicalEntity,biolink:CellularComponent
Retriever,biolink:associated_with,biolink:Protein,biolink:MolecularActivity
Retriever,biolink:increases_sensitivity_to,biolink:Protein,biolink:Drug
Retriever,biolink:increases_sensitivity_to,biolink:Protein,biolink:SmallMolecule
Retriever,biolink:increases_sensitivity_to,biolink:Gene,biolink:Drug
Retriever,biolink:associated_with,biolink:Protein,biolink:Pathway
Retriever,biolink:associated_with,biolink:ComplexMolecularMixture,biolink:BiologicalProcess
Retriever,biolink:associated_with,biolink:MolecularMixture,biolink:BiologicalProcess
Retriever,biolink:decreases_sensitivity_to,biolink:Protein,biolink:SmallMolecule
Retriever,biolink:associated_with,biolink:ComplexMolecularMixture,biolink:CellularComponent
Retriever,biolink:associated_with,biolink:ComplexMolecularMixture,biolink:MolecularActivity
Retriever,biolink:associated_with,biolink:ComplexMolecularMixture,biolink:Pathway
Retriever,biolink:associated_with,biolink:Protein,biolink:CellularComponent
Retriever,biolink:associated_with,biolink:ChemicalMixture,biolink:BiologicalProcess
Retriever,biolink:decreases_sensitivity_to,biolink:Protein,biolink:Drug
Retriever,biolink:decreases_sensitivity_to,biolink:Gene,biolink:Drug
Retriever,biolink:affects_sensitivity_to,biolink:SmallMolecule,biolink:Protein
Retriever,biolink:affects_sensitivity_to,biolink:SmallMolecule,biolink:Gene
Retriever,biolink:associated_with,biolink:ChemicalMixture,biolink:Pathway
Retriever,biolink:affects_sensitivity_to,biolink:Protein,biolink:MolecularMixture
Retriever,biolink:affects_sensitivity_to,biolink:Gene,biolink:MolecularMixture
Retriever,biolink:associated_with,biolink:ChemicalMixture,biolink:CellularComponent
Retriever,biolink:increases_sensitivity_to,biolink:Protein,biolink:ChemicalEntity
Retriever,biolink:affects_sensitivity_to,biolink:Protein,biolink:ChemicalEntity
Retriever,biolink:decreases_sensitivity_to,biolink:Protein,biolink:ChemicalEntity
Retriever,biolink:decreases_sensitivity_to,biolink:Gene,biolink:ChemicalEntity
Retriever,biolink:positively_correlated_with,biolink:MolecularMixture,biolink:BiologicalProcess
Retriever,biolink:increases_sensitivity_to,biolink:Protein,biolink:Protein
Retriever,biolink:increases_sensitivity_to,biolink:Gene,biolink:Protein
Retriever,biolink:affects_sensitivity_to,biolink:Drug,biolink:Protein
Retriever,biolink:affects_sensitivity_to,biolink:Drug,biolink:Gene
Retriever,biolink:positively_correlated_with,biolink:ChemicalEntity,biolink:BiologicalProcess
Retriever,biolink:decreases_sensitivity_to,biolink:Protein,biolink:Protein
Retriever,biolink:decreases_sensitivity_to,biolink:Protein,biolink:Gene
Retriever,biolink:decreases_sensitivity_to,biolink:SmallMolecule,biolink:Protein
Retriever,biolink:decreases_sensitivity_to,biolink:SmallMolecule,biolink:Gene
Retriever,biolink:associated_with,biolink:ChemicalMixture,biolink:MolecularActivity
Retriever,biolink:positively_correlated_with,biolink:ComplexMolecularMixture,biolink:BiologicalProcess
Retriever,biolink:decreases_sensitivity_to,biolink:Drug,biolink:Protein
Retriever,biolink:decreases_sensitivity_to,biolink:Drug,biolink:Gene
Retriever,biolink:decreases_sensitivity_to,biolink:ChemicalEntity,biolink:Protein
Retriever,biolink:decreases_sensitivity_to,biolink:ChemicalEntity,biolink:Gene
Retriever,biolink:negatively_correlated_with,biolink:SmallMolecule,biolink:BiologicalProcess
Retriever,biolink:increases_sensitivity_to,biolink:Gene,biolink:MolecularMixture
Retriever,biolink:increases_sensitivity_to,biolink:Drug,biolink:Protein
Retriever,biolink:increases_sensitivity_to,biolink:Drug,biolink:Gene
Retriever,biolink:increases_sensitivity_to,biolink:SmallMolecule,biolink:Protein
Retriever,biolink:increases_sensitivity_to,biolink:SmallMolecule,biolink:Gene
Retriever,biolink:decreases_sensitivity_to,biolink:Protein,biolink:MolecularMixture
Retriever,biolink:increases_sensitivity_to,biolink:Protein,biolink:MolecularMixture
Retriever,biolink:affects_sensitivity_to,biolink:Protein,biolink:Protein
Retriever,biolink:negatively_correlated_with,biolink:ChemicalEntity,biolink:Disease
Retriever,biolink:positively_correlated_with,biolink:ComplexMolecularMixture,biolink:PhenotypicFeature
Retriever,biolink:decreases_sensitivity_to,biolink:ComplexMolecularMixture,biolink:Protein
Retriever,biolink:decreases_sensitivity_to,biolink:ComplexMolecularMixture,biolink:Gene
Retriever,biolink:negatively_correlated_with,biolink:ChemicalEntity,biolink:PhenotypicFeature
Retriever,biolink:positively_correlated_with,biolink:MolecularMixture,biolink:PhenotypicFeature
Retriever,biolink:negatively_correlated_with,biolink:SmallMolecule,biolink:MolecularActivity
Retriever,biolink:positively_correlated_with,biolink:ChemicalEntity,biolink:CellularComponent
Retriever,biolink:negatively_correlated_with,biolink:MolecularMixture,biolink:Disease
Retriever,biolink:increases_sensitivity_to,biolink:Protein,biolink:ComplexMolecularMixture
Retriever,biolink:increases_sensitivity_to,biolink:Gene,biolink:ComplexMolecularMixture
Retriever,biolink:positively_correlated_with,biolink:SmallMolecule,biolink:MolecularActivity
Retriever,biolink:affects_sensitivity_to,biolink:Protein,biolink:ComplexMolecularMixture
Retriever,biolink:affects_sensitivity_to,biolink:Gene,biolink:ComplexMolecularMixture
Retriever,biolink:positively_correlated_with,biolink:ChemicalEntity,biolink:MolecularActivity
Retriever,biolink:negatively_correlated_with,biolink:ComplexMolecularMixture,biolink:Disease
Retriever,biolink:affects_sensitivity_to,biolink:ChemicalEntity,biolink:Protein
Retriever,biolink:affects_sensitivity_to,biolink:ChemicalEntity,biolink:Gene
Retriever,biolink:increases_sensitivity_to,biolink:ChemicalEntity,biolink:Protein
Retriever,biolink:increases_sensitivity_to,biolink:ChemicalEntity,biolink:Gene
Retriever,biolink:decreases_sensitivity_to,biolink:Protein,biolink:ComplexMolecularMixture
Retriever,biolink:decreases_sensitivity_to,biolink:Gene,biolink:ComplexMolecularMixture
Retriever,biolink:positively_correlated_with,biolink:Drug,biolink:CellularComponent
Retriever,biolink:positively_correlated_with,biolink:SmallMolecule,biolink:CellularComponent
Retriever,biolink:negatively_correlated_with,biolink:ComplexMolecularMixture,biolink:BiologicalProcess
Retriever,biolink:negatively_correlated_with,biolink:Drug,biolink:BiologicalProcess
Retriever,biolink:positively_correlated_with,biolink:SmallMolecule,biolink:Pathway
Retriever,biolink:negatively_correlated_with,biolink:ComplexMolecularMixture,biolink:PhenotypicFeature
Retriever,biolink:increases_sensitivity_to,biolink:ComplexMolecularMixture,biolink:Protein
Retriever,biolink:increases_sensitivity_to,biolink:ComplexMolecularMixture,biolink:Gene
Retriever,biolink:positively_correlated_with,biolink:ComplexMolecularMixture,biolink:CellularComponent
Retriever,biolink:decreases_sensitivity_to,biolink:MolecularMixture,biolink:Protein
Retriever,biolink:decreases_sensitivity_to,biolink:MolecularMixture,biolink:Gene
Retriever,biolink:increases_sensitivity_to,biolink:Protein,biolink:Gene
Retriever,biolink:correlated_with,biolink:ChemicalMixture,biolink:Disease
Retriever,biolink:negatively_correlated_with,biolink:MolecularMixture,biolink:PhenotypicFeature
Retriever,biolink:affects_sensitivity_to,biolink:MolecularMixture,biolink:Protein
Retriever,biolink:affects_sensitivity_to,biolink:MolecularMixture,biolink:Gene
Retriever,biolink:negatively_correlated_with,biolink:Drug,biolink:MolecularActivity
Retriever,biolink:positively_correlated_with,biolink:ComplexMolecularMixture,biolink:Pathway
Retriever,biolink:increases_sensitivity_to,biolink:MolecularMixture,biolink:Protein
Retriever,biolink:increases_sensitivity_to,biolink:MolecularMixture,biolink:Gene
Retriever,biolink:positively_correlated_with,biolink:Protein,biolink:Disease
Retriever,biolink:positively_correlated_with,biolink:ComplexMolecularMixture,biolink:MolecularActivity
Retriever,biolink:positively_correlated_with,biolink:Drug,biolink:MolecularActivity
Retriever,biolink:in_clinical_trials_for,biolink:Gene,biolink:Disease
Retriever,biolink:in_clinical_trials_for,biolink:Gene,biolink:PhenotypicFeature
Retriever,biolink:in_clinical_trials_for,biolink:ChemicalMixture,biolink:PhenotypicFeature
Retriever,biolink:in_clinical_trials_for,biolink:ChemicalMixture,biolink:Disease
Retriever,biolink:treats,biolink:Gene,biolink:Disease
Retriever,biolink:in_clinical_trials_for,biolink:OrganismTaxon,biolink:Disease
Retriever,biolink:in_clinical_trials_for,biolink:ComplexMolecularMixture,biolink:Disease
Retriever,biolink:in_clinical_trials_for,biolink:ComplexMolecularMixture,biolink:PhenotypicFeature
Retriever,biolink:treats,biolink:Gene,biolink:PhenotypicFeature
Retriever,biolink:treats,biolink:ChemicalMixture,biolink:Disease
Retriever,biolink:in_clinical_trials_for,biolink:OrganismTaxon,biolink:PhenotypicFeature
Retriever,biolink:ameliorates_condition,biolink:Drug,biolink:PhenotypicFeature
Retriever,biolink:ameliorates_condition,biolink:Drug,biolink:BiologicalProcess
Retriever,biolink:has_chemical_role,biolink:Drug,biolink:ChemicalEntity
Retriever,biolink:has_chemical_role,biolink:SmallMolecule,biolink:ChemicalEntity
Retriever,biolink:in_preclinical_trials_for,biolink:MolecularMixture,biolink:PhenotypicFeature
Retriever,biolink:in_preclinical_trials_for,biolink:ChemicalEntity,biolink:Disease
Retriever,biolink:has_chemical_role,biolink:MolecularMixture,biolink:ChemicalEntity
Retriever,biolink:in_preclinical_trials_for,biolink:SmallMolecule,biolink:PhenotypicFeature
Retriever,biolink:in_preclinical_trials_for,biolink:MolecularMixture,biolink:Disease
Retriever,biolink:in_preclinical_trials_for,biolink:Drug,biolink:Disease
Retriever,biolink:treats,biolink:Drug,biolink:OrganismTaxon
Retriever,biolink:treats,biolink:Drug,biolink:BiologicalProcess
Retriever,biolink:has_chemical_role,biolink:SmallMolecule,biolink:PhenotypicFeature
Retriever,biolink:condition_associated_with_gene,biolink:PhenotypicFeature,biolink:Protein
Retriever,biolink:genetic_association,biolink:BiologicalProcess,biolink:PhenotypicFeature
Retriever,biolink:genetic_association,biolink:BiologicalProcess,biolink:Procedure
Retriever,biolink:genetic_association,biolink:BiologicalProcess,biolink:Disease
Retriever,biolink:condition_associated_with_gene,biolink:Disease,biolink:Protein
Retriever,biolink:genetic_association,biolink:PhenotypicFeature,biolink:CellularComponent
Retriever,biolink:condition_associated_with_gene,biolink:Procedure,biolink:Protein
Retriever,biolink:condition_associated_with_gene,biolink:Procedure,biolink:Gene
Retriever,biolink:genetic_association,biolink:PhenotypicFeature,biolink:BiologicalProcess
Retriever,biolink:genetic_association,biolink:MolecularActivity,biolink:PhenotypicFeature
Retriever,biolink:condition_associated_with_gene,biolink:Protein,biolink:Protein
Retriever,biolink:condition_associated_with_gene,biolink:Protein,biolink:Gene
Retriever,biolink:genetic_association,biolink:CellularComponent,biolink:Protein
Retriever,biolink:genetic_association,biolink:CellularComponent,biolink:PhenotypicFeature
Retriever,biolink:genetic_association,biolink:Procedure,biolink:BiologicalProcess
Retriever,biolink:genetic_association,biolink:Disease,biolink:MolecularActivity
Retriever,biolink:condition_associated_with_gene,biolink:ChemicalEntity,biolink:Protein
Retriever,biolink:condition_associated_with_gene,biolink:ChemicalEntity,biolink:Gene
Retriever,biolink:genetic_association,biolink:Disease,biolink:BiologicalProcess
Retriever,biolink:genetic_association,biolink:MolecularActivity,biolink:Disease
Retriever,biolink:genetic_association,biolink:ClinicalAttribute,biolink:Pathway
Retriever,biolink:genetic_association,biolink:Procedure,biolink:MolecularActivity
Retriever,biolink:genetic_association,biolink:ChemicalEntity,biolink:MolecularActivity
Retriever,biolink:genetic_association,biolink:PhenotypicFeature,biolink:MolecularActivity
Retriever,biolink:genetic_association,biolink:BiologicalProcess,biolink:ChemicalEntity
Retriever,biolink:genetic_association,biolink:Pathway,biolink:Protein
Retriever,biolink:genetic_association,biolink:Pathway,biolink:Procedure
Retriever,biolink:condition_associated_with_gene,biolink:InformationContentEntity,biolink:Protein
Retriever,biolink:condition_associated_with_gene,biolink:InformationContentEntity,biolink:Gene
Retriever,biolink:genetic_association,biolink:ChemicalEntity,biolink:BiologicalProcess
Retriever,biolink:genetic_association,biolink:Disease,biolink:CellularComponent
Retriever,biolink:genetic_association,biolink:BiologicalProcess,biolink:ClinicalAttribute
Retriever,biolink:genetic_association,biolink:Protein,biolink:BiologicalProcess
Retriever,biolink:genetic_association,biolink:Pathway,biolink:ChemicalEntity
Retriever,biolink:gene_associated_with_condition,biolink:Protein,biolink:Protein
Retriever,biolink:gene_associated_with_condition,biolink:Gene,biolink:Protein
Retriever,biolink:genetic_association,biolink:MolecularActivity,biolink:SmallMolecule
Retriever,biolink:genetic_association,biolink:BiologicalProcess,biolink:InformationContentEntity
Retriever,biolink:genetic_association,biolink:CellularComponent,biolink:Disease
Retriever,biolink:genetic_association,biolink:Pathway,biolink:InformationContentEntity
Retriever,biolink:genetic_association,biolink:MolecularActivity,biolink:Procedure
Retriever,biolink:genetic_association,biolink:MolecularActivity,biolink:Protein
Retriever,biolink:condition_associated_with_gene,biolink:ClinicalAttribute,biolink:Protein
Retriever,biolink:condition_associated_with_gene,biolink:ClinicalAttribute,biolink:Gene
Retriever,biolink:genetic_association,biolink:BiologicalProcess,biolink:BiologicalProcess
Retriever,biolink:genetic_association,biolink:AnatomicalEntity,biolink:Pathway
Retriever,biolink:genetic_association,biolink:Procedure,biolink:Pathway
Retriever,biolink:genetic_association,biolink:InformationContentEntity,biolink:Pathway
Retriever,biolink:genetic_association,biolink:InformationContentEntity,biolink:BiologicalProcess
Retriever,biolink:genetic_association,biolink:Protein,biolink:Pathway
Retriever,biolink:genetic_association,biolink:Protein,biolink:MolecularActivity
Retriever,biolink:genetic_association,biolink:ClinicalAttribute,biolink:MolecularActivity
Retriever,biolink:genetic_association,biolink:ClinicalAttribute,biolink:BiologicalProcess
Retriever,biolink:genetic_association,biolink:MolecularActivity,biolink:ChemicalEntity
Retriever,biolink:genetic_association,biolink:InformationContentEntity,biolink:MolecularActivity
Retriever,biolink:genetic_association,biolink:BiologicalProcess,biolink:Protein
Retriever,biolink:genetic_association,biolink:AnatomicalEntity,biolink:BiologicalProcess
Retriever,biolink:condition_associated_with_gene,biolink:SmallMolecule,biolink:Protein
Retriever,biolink:condition_associated_with_gene,biolink:SmallMolecule,biolink:Gene
Retriever,biolink:genetic_association,biolink:BiologicalProcess,biolink:AnatomicalEntity
Retriever,biolink:condition_associated_with_gene,biolink:BiologicalProcess,biolink:Protein
Retriever,biolink:condition_associated_with_gene,biolink:BiologicalProcess,biolink:Gene
Retriever,biolink:genetic_association,biolink:ChemicalEntity,biolink:CellularComponent
Retriever,biolink:genetic_association,biolink:Pathway,biolink:BiologicalProcess
Retriever,biolink:genetic_association,biolink:BiologicalProcess,biolink:SmallMolecule
Retriever,biolink:genetic_association,biolink:Procedure,biolink:CellularComponent
Retriever,biolink:genetic_association,biolink:InformationContentEntity,biolink:CellularComponent
Retriever,biolink:genetic_association,biolink:BiologicalProcess,biolink:MolecularActivity
Retriever,biolink:genetic_association,biolink:Pathway,biolink:ClinicalAttribute
Retriever,biolink:genetic_association,biolink:SmallMolecule,biolink:Pathway
Retriever,biolink:genetic_association,biolink:ChemicalEntity,biolink:Pathway
Retriever,biolink:genetic_association,biolink:MolecularActivity,biolink:ClinicalAttribute
Retriever,biolink:genetic_association,biolink:AnatomicalEntity,biolink:CellularComponent
Retriever,biolink:genetic_association,biolink:CellularComponent,biolink:Procedure
Retriever,biolink:genetic_association,biolink:CellularComponent,biolink:InformationContentEntity
Retriever,biolink:genetic_association,biolink:SmallMolecule,biolink:BiologicalProcess
Retriever,biolink:genetic_association,biolink:CellularComponent,biolink:ChemicalEntity
Retriever,biolink:genetic_association,biolink:Pathway,biolink:SmallMolecule
Retriever,biolink:genetic_association,biolink:CellularComponent,biolink:ClinicalAttribute
Retriever,biolink:genetic_association,biolink:CellularComponent,biolink:AnatomicalEntity
Retriever,biolink:genetic_association,biolink:ClinicalAttribute,biolink:CellularComponent
Retriever,biolink:genetic_association,biolink:BiologicalProcess,biolink:Pathway
Retriever,biolink:genetic_association,biolink:MolecularActivity,biolink:InformationContentEntity
Retriever,biolink:genetic_association,biolink:SmallMolecule,biolink:MolecularActivity
Retriever,biolink:genetic_association,biolink:BiologicalProcess,biolink:CellularComponent
Retriever,biolink:genetic_association,biolink:Pathway,biolink:AnatomicalEntity
Retriever,biolink:genetic_association,biolink:CellularComponent,biolink:SmallMolecule
Retriever,biolink:genetic_association,biolink:MolecularActivity,biolink:BiologicalProcess
Retriever,biolink:genetic_association,biolink:SmallMolecule,biolink:CellularComponent
Retriever,biolink:genetic_association,biolink:MolecularActivity,biolink:AnatomicalEntity
Retriever,biolink:genetic_association,biolink:AnatomicalEntity,biolink:MolecularActivity
Retriever,biolink:condition_associated_with_gene,biolink:AnatomicalEntity,biolink:Protein
Retriever,biolink:condition_associated_with_gene,biolink:AnatomicalEntity,biolink:Gene
Retriever,biolink:genetic_association,biolink:CellularComponent,biolink:BiologicalProcess
Retriever,biolink:genetic_association,biolink:Protein,biolink:CellularComponent
Retriever,biolink:acts_upstream_of,biolink:Protein,biolink:Protein
Retriever,biolink:acts_upstream_of,biolink:Protein,biolink:Gene
Retriever,biolink:acts_upstream_of,biolink:Gene,biolink:Protein
Retriever,biolink:acts_upstream_of,biolink:Gene,biolink:Gene
Retriever,biolink:is_input_of,biolink:Protein,biolink:Protein
Retriever,biolink:is_input_of,biolink:Protein,biolink:Gene
Retriever,biolink:is_input_of,biolink:Gene,biolink:Protein
Retriever,biolink:is_input_of,biolink:Gene,biolink:Gene
Retriever,biolink:acts_upstream_of_or_within,biolink:Protein,biolink:Protein
Retriever,biolink:acts_upstream_of_or_within,biolink:Protein,biolink:Gene
Retriever,biolink:acts_upstream_of_or_within,biolink:Gene,biolink:Protein
Retriever,biolink:acts_upstream_of,biolink:CellularComponent,biolink:Protein
Retriever,biolink:acts_upstream_of,biolink:CellularComponent,biolink:Gene
Retriever,biolink:acts_upstream_of,biolink:CellularComponent,biolink:CellularComponent
Retriever,biolink:acts_upstream_of_negative_effect,biolink:Protein,biolink:Protein
Retriever,biolink:acts_upstream_of_negative_effect,biolink:Protein,biolink:Gene
Retriever,biolink:acts_upstream_of_negative_effect,biolink:Gene,biolink:Protein
Retriever,biolink:acts_upstream_of_negative_effect,biolink:Gene,biolink:Gene
Retriever,biolink:is_input_of,biolink:Protein,biolink:CellularComponent
Retriever,biolink:is_input_of,biolink:Gene,biolink:CellularComponent
Retriever,biolink:causes,biolink:CellularComponent,biolink:CellularComponent
Retriever,biolink:precedes,biolink:Protein,biolink:Protein
Retriever,biolink:precedes,biolink:Protein,biolink:Gene
Retriever,biolink:precedes,biolink:Gene,biolink:Protein
Retriever,biolink:precedes,biolink:Gene,biolink:Gene
Retriever,biolink:is_input_of,biolink:CellularComponent,biolink:Protein
Retriever,biolink:is_input_of,biolink:CellularComponent,biolink:Gene
Retriever,biolink:part_of,biolink:Protein,biolink:Gene
Retriever,biolink:part_of,biolink:Gene,biolink:Protein
Retriever,biolink:precedes,biolink:CellularComponent,biolink:CellularComponent
Retriever,biolink:acts_upstream_of_negative_effect,biolink:CellularComponent,biolink:Protein
Retriever,biolink:acts_upstream_of_negative_effect,biolink:CellularComponent,biolink:Gene
Retriever,biolink:acts_upstream_of,biolink:Protein,biolink:CellularComponent
Retriever,biolink:acts_upstream_of,biolink:Gene,biolink:CellularComponent
Retriever,biolink:precedes,biolink:Protein,biolink:CellularComponent
Retriever,biolink:precedes,biolink:Gene,biolink:CellularComponent
Retriever,biolink:acts_upstream_of_negative_effect,biolink:Protein,biolink:CellularComponent
Retriever,biolink:is_input_of,biolink:Protein,biolink:ChemicalEntity
Retriever,biolink:is_input_of,biolink:Gene,biolink:ChemicalEntity
Retriever,biolink:regulates,biolink:Protein,biolink:ChemicalEntity
Retriever,biolink:regulates,biolink:Gene,biolink:ChemicalEntity
Retriever,biolink:regulates,biolink:ChemicalEntity,biolink:ChemicalEntity
Retriever,biolink:is_input_of,biolink:CellularComponent,biolink:CellularComponent
Retriever,biolink:precedes,biolink:ChemicalEntity,biolink:Protein
Retriever,biolink:precedes,biolink:ChemicalEntity,biolink:Gene
Retriever,biolink:enabled_by,biolink:Protein,biolink:Protein
Retriever,biolink:enabled_by,biolink:Protein,biolink:Gene
Retriever,biolink:is_input_of,biolink:ChemicalEntity,biolink:Protein
Retriever,biolink:is_input_of,biolink:ChemicalEntity,biolink:Gene
Retriever,biolink:acts_upstream_of,biolink:ChemicalEntity,biolink:Protein
Retriever,biolink:acts_upstream_of,biolink:ChemicalEntity,biolink:Gene
Retriever,biolink:involved_in,biolink:Protein,biolink:BiologicalProcess
Retriever,biolink:involved_in,biolink:Gene,biolink:BiologicalProcess
Retriever,biolink:involved_in,biolink:Protein,biolink:Pathway
Retriever,biolink:involved_in,biolink:Gene,biolink:Pathway
Retriever,biolink:acts_upstream_of,biolink:Gene,biolink:BiologicalProcess
Retriever,biolink:acts_upstream_of,biolink:Protein,biolink:BiologicalProcess
Retriever,biolink:acts_upstream_of,biolink:Protein,biolink:Pathway
Retriever,biolink:acts_upstream_of_or_within_positive_effect,biolink:Protein,biolink:Pathway
Retriever,biolink:acts_upstream_of_positive_effect,biolink:Protein,biolink:Pathway
Retriever,biolink:associated_with,biolink:Protein,biolink:Gene
Retriever,biolink:correlated_with,biolink:Activity,biolink:Drug
Retriever,biolink:correlated_with,biolink:Activity,biolink:SmallMolecule
Retriever,biolink:correlated_with,biolink:PopulationOfIndividualOrganisms,biolink:Disease
Retriever,biolink:correlated_with,biolink:Drug,biolink:Drug
Retriever,biolink:correlated_with,biolink:Drug,biolink:SmallMolecule
Retriever,biolink:correlated_with,biolink:SmallMolecule,biolink:Drug
Retriever,biolink:correlated_with,biolink:ChemicalEntity,biolink:Drug
Retriever,biolink:correlated_with,biolink:Drug,biolink:ChemicalEntity
Retriever,biolink:positively_correlated_with,biolink:PhenotypicFeature,biolink:OrganismTaxon
Retriever,biolink:correlated_with,biolink:PhenotypicFeature,biolink:Activity
Retriever,biolink:correlated_with,biolink:GrossAnatomicalStructure,biolink:InformationContentEntity
Retriever,biolink:correlated_with,biolink:BiologicalProcess,biolink:Phenomenon
Retriever,biolink:correlated_with,biolink:OrganismTaxon,biolink:DiseaseOrPhenotypicFeature
Retriever,biolink:correlated_with,biolink:Drug,biolink:InformationContentEntity
Retriever,biolink:correlated_with,biolink:Drug,biolink:Procedure
Retriever,biolink:positively_correlated_with,biolink:InformationContentEntity,biolink:Drug
Retriever,biolink:positively_correlated_with,biolink:InformationContentEntity,biolink:SmallMolecule
Retriever,biolink:correlated_with,biolink:Drug,biolink:MolecularMixture
Retriever,biolink:positively_correlated_with,biolink:Activity,biolink:PhenotypicFeature
Retriever,biolink:correlated_with,biolink:GrossAnatomicalStructure,biolink:Disease
Retriever,biolink:positively_correlated_with,biolink:GrossAnatomicalStructure,biolink:Disease
Retriever,biolink:correlated_with,biolink:Procedure,biolink:Drug
Retriever,biolink:correlated_with,biolink:Disease,biolink:PhysicalEntity
Retriever,biolink:correlated_with,biolink:ChemicalEntity,biolink:Phenomenon
Retriever,biolink:correlated_with,biolink:InformationContentEntity,biolink:Drug
Retriever,biolink:correlated_with,biolink:SmallMolecule,biolink:PopulationOfIndividualOrganisms
Retriever,biolink:correlated_with,biolink:Drug,biolink:Phenomenon
Retriever,biolink:correlated_with,biolink:MolecularMixture,biolink:Drug
Retriever,biolink:positively_correlated_with,biolink:Disease,biolink:Protein
Retriever,biolink:positively_correlated_with,biolink:Disease,biolink:Gene
Retriever,biolink:positively_correlated_with,biolink:InformationContentEntity,biolink:Disease
Retriever,biolink:correlated_with,biolink:GrossAnatomicalStructure,biolink:Drug
Retriever,biolink:correlated_with,biolink:Drug,biolink:Activity
Retriever,biolink:correlated_with,biolink:SmallMolecule,biolink:Activity
Retriever,biolink:correlated_with,biolink:Disease,biolink:GrossAnatomicalStructure
Retriever,biolink:correlated_with,biolink:PopulationOfIndividualOrganisms,biolink:Drug
Retriever,biolink:correlated_with,biolink:PopulationOfIndividualOrganisms,biolink:SmallMolecule
Retriever,biolink:positively_correlated_with,biolink:PhenotypicFeature,biolink:GrossAnatomicalStructure
Retriever,biolink:positively_correlated_with,biolink:Disease,biolink:OrganismTaxon
Retriever,biolink:correlated_with,biolink:PhysicalEntity,biolink:Drug
Retriever,biolink:correlated_with,biolink:PhysicalEntity,biolink:SmallMolecule
Retriever,biolink:correlated_with,biolink:InformationContentEntity,biolink:GrossAnatomicalStructure
Retriever,biolink:negatively_correlated_with,biolink:GrossAnatomicalStructure,biolink:Disease
Retriever,biolink:positively_correlated_with,biolink:OrganismTaxon,biolink:Procedure
Retriever,biolink:correlated_with,biolink:PhysicalEntity,biolink:PhysicalEntity
Retriever,biolink:correlated_with,biolink:PhenotypicFeature,biolink:PhysicalEntity
Retriever,biolink:correlated_with,biolink:Drug,biolink:GrossAnatomicalStructure
Retriever,biolink:correlated_with,biolink:PhysicalEntity,biolink:PhenotypicFeature
Retriever,biolink:correlated_with,biolink:GrossAnatomicalStructure,biolink:Protein
Retriever,biolink:correlated_with,biolink:Activity,biolink:Procedure
Retriever,biolink:correlated_with,biolink:DiseaseOrPhenotypicFeature,biolink:Drug
Retriever,biolink:correlated_with,biolink:DiseaseOrPhenotypicFeature,biolink:SmallMolecule
Retriever,biolink:correlated_with,biolink:Device,biolink:SmallMolecule
Retriever,biolink:positively_correlated_with,biolink:Disease,biolink:GrossAnatomicalStructure
Retriever,biolink:positively_correlated_with,biolink:OrganismTaxon,biolink:PhenotypicFeature
Retriever,biolink:correlated_with,biolink:Gene,biolink:Protein
Retriever,biolink:correlated_with,biolink:BiologicalProcess,biolink:PhysicalEntity
Retriever,biolink:positively_correlated_with,biolink:Disease,biolink:InformationContentEntity
Retriever,biolink:correlated_with,biolink:Drug,biolink:PhysicalEntity
Retriever,biolink:correlated_with,biolink:SmallMolecule,biolink:PhysicalEntity
Retriever,biolink:correlated_with,biolink:Disease,biolink:PopulationOfIndividualOrganisms
Retriever,biolink:correlated_with,biolink:Drug,biolink:PopulationOfIndividualOrganisms
Retriever,biolink:positively_correlated_with,biolink:Disease,biolink:ChemicalEntity
Retriever,biolink:positively_correlated_with,biolink:Gene,biolink:PhenotypicFeature
Retriever,biolink:correlated_with,biolink:Phenomenon,biolink:SmallMolecule
Retriever,biolink:correlated_with,biolink:GrossAnatomicalStructure,biolink:Gene
Retriever,biolink:correlated_with,biolink:PhysicalEntity,biolink:Disease
Retriever,biolink:positively_correlated_with,biolink:OrganismTaxon,biolink:Disease
Retriever,biolink:correlated_with,biolink:Drug,biolink:Device
Retriever,biolink:correlated_with,biolink:SmallMolecule,biolink:Device
Retriever,biolink:correlated_with,biolink:Procedure,biolink:DiseaseOrPhenotypicFeature
Retriever,biolink:correlated_with,biolink:GrossAnatomicalStructure,biolink:Activity
Retriever,biolink:correlated_with,biolink:MolecularMixture,biolink:GrossAnatomicalStructure
Retriever,biolink:positively_correlated_with,biolink:Device,biolink:GrossAnatomicalStructure
Retriever,biolink:correlated_with,biolink:MolecularMixture,biolink:Activity
Retriever,biolink:positively_correlated_with,biolink:ChemicalEntity,biolink:Protein
Retriever,biolink:positively_correlated_with,biolink:ChemicalEntity,biolink:Gene
Retriever,biolink:correlated_with,biolink:ChemicalEntity,biolink:GrossAnatomicalStructure
Retriever,biolink:correlated_with,biolink:Phenomenon,biolink:Drug
Retriever,biolink:correlated_with,biolink:InformationContentEntity,biolink:PhysicalEntity
Retriever,biolink:positively_correlated_with,biolink:PhenotypicFeature,biolink:Gene
Retriever,biolink:correlated_with,biolink:SmallMolecule,biolink:Phenomenon
Retriever,biolink:positively_correlated_with,biolink:Drug,biolink:ChemicalEntity
Retriever,biolink:positively_correlated_with,biolink:SmallMolecule,biolink:ChemicalEntity
Retriever,biolink:correlated_with,biolink:PopulationOfIndividualOrganisms,biolink:PopulationOfIndividualOrganisms
Retriever,biolink:correlated_with,biolink:Activity,biolink:PhenotypicFeature
Retriever,biolink:correlated_with,biolink:Protein,biolink:GrossAnatomicalStructure
Retriever,biolink:positively_correlated_with,biolink:Device,biolink:Disease
Retriever,biolink:negatively_correlated_with,biolink:PhenotypicFeature,biolink:GrossAnatomicalStructure
Retriever,biolink:negatively_correlated_with,biolink:PhenotypicFeature,biolink:ChemicalEntity
Retriever,biolink:correlated_with,biolink:Activity,biolink:MolecularMixture
Retriever,biolink:negatively_correlated_with,biolink:OrganismTaxon,biolink:GrossAnatomicalStructure
Retriever,biolink:correlated_with,biolink:GrossAnatomicalStructure,biolink:PhysicalEntity
Retriever,biolink:correlated_with,biolink:PhysicalEntity,biolink:InformationContentEntity
Retriever,biolink:correlated_with,biolink:Device,biolink:ChemicalEntity
Retriever,biolink:correlated_with,biolink:Activity,biolink:ChemicalEntity
Retriever,biolink:correlated_with,biolink:InformationContentEntity,biolink:InformationContentEntity
Retriever,biolink:negatively_correlated_with,biolink:Disease,biolink:GrossAnatomicalStructure
Retriever,biolink:correlated_with,biolink:Activity,biolink:DiseaseOrPhenotypicFeature
Retriever,biolink:correlated_with,biolink:ChemicalEntity,biolink:PhysicalEntity
Retriever,biolink:correlated_with,biolink:PopulationOfIndividualOrganisms,biolink:Procedure
Retriever,biolink:positively_correlated_with,biolink:Protein,biolink:Drug
Retriever,biolink:positively_correlated_with,biolink:Protein,biolink:SmallMolecule
Retriever,biolink:correlated_with,biolink:PhenotypicFeature,biolink:PopulationOfIndividualOrganisms
Retriever,biolink:negatively_correlated_with,biolink:InformationContentEntity,biolink:Disease
Retriever,biolink:correlated_with,biolink:PhysicalEntity,biolink:Phenomenon
Retriever,biolink:correlated_with,biolink:PopulationOfIndividualOrganisms,biolink:Device
Retriever,biolink:negatively_correlated_with,biolink:OrganismTaxon,biolink:Activity
Retriever,biolink:positively_correlated_with,biolink:Activity,biolink:Disease
Retriever,biolink:correlated_with,biolink:Protein,biolink:Activity
Retriever,biolink:correlated_with,biolink:Gene,biolink:Activity
Retriever,biolink:negatively_correlated_with,biolink:InformationContentEntity,biolink:Drug
Retriever,biolink:negatively_correlated_with,biolink:InformationContentEntity,biolink:SmallMolecule
Retriever,biolink:negatively_correlated_with,biolink:Protein,biolink:Gene
Retriever,biolink:positively_correlated_with,biolink:PhenotypicFeature,biolink:ChemicalEntity
Retriever,biolink:correlated_with,biolink:InformationContentEntity,biolink:Procedure
Retriever,biolink:negatively_correlated_with,biolink:ChemicalEntity,biolink:Device
Retriever,biolink:correlated_with,biolink:Protein,biolink:Drug
Retriever,biolink:correlated_with,biolink:Gene,biolink:Drug
Retriever,biolink:positively_correlated_with,biolink:SmallMolecule,biolink:GrossAnatomicalStructure
Retriever,biolink:negatively_correlated_with,biolink:Protein,biolink:InformationContentEntity
Retriever,biolink:positively_correlated_with,biolink:Procedure,biolink:Activity
Retriever,biolink:negatively_correlated_with,biolink:OrganismTaxon,biolink:OrganismTaxon
Retriever,biolink:negatively_correlated_with,biolink:Disease,biolink:BiologicalProcess
Retriever,biolink:negatively_correlated_with,biolink:PhenotypicFeature,biolink:Gene
Retriever,biolink:positively_correlated_with,biolink:Device,biolink:Activity
Retriever,biolink:correlated_with,biolink:PopulationOfIndividualOrganisms,biolink:ChemicalEntity
Retriever,biolink:negatively_correlated_with,biolink:OrganismTaxon,biolink:Device
Retriever,biolink:correlated_with,biolink:Activity,biolink:Phenomenon
Retriever,biolink:correlated_with,biolink:OrganismTaxon,biolink:Device
Retriever,biolink:correlated_with,biolink:DiseaseOrPhenotypicFeature,biolink:OrganismTaxon
Retriever,biolink:negatively_correlated_with,biolink:Device,biolink:Gene
Retriever,biolink:positively_correlated_with,biolink:InformationContentEntity,biolink:GrossAnatomicalStructure
Retriever,biolink:correlated_with,biolink:PhysicalEntity,biolink:ChemicalEntity
Retriever,biolink:negatively_correlated_with,biolink:Disease,biolink:InformationContentEntity
Retriever,biolink:correlated_with,biolink:Device,biolink:PhysicalEntity
Retriever,biolink:correlated_with,biolink:Procedure,biolink:InformationContentEntity
Retriever,biolink:correlated_with,biolink:PopulationOfIndividualOrganisms,biolink:Activity
Retriever,biolink:positively_correlated_with,biolink:Protein,biolink:OrganismTaxon
Retriever,biolink:correlated_with,biolink:PhysicalEntity,biolink:OrganismTaxon
Retriever,biolink:positively_correlated_with,biolink:Protein,biolink:Procedure
Retriever,biolink:negatively_correlated_with,biolink:Disease,biolink:OrganismTaxon
Retriever,biolink:correlated_with,biolink:PopulationOfIndividualOrganisms,biolink:PhysicalEntity
Retriever,biolink:positively_correlated_with,biolink:Drug,biolink:GrossAnatomicalStructure
Retriever,biolink:positively_correlated_with,biolink:PhenotypicFeature,biolink:BiologicalProcess
Retriever,biolink:correlated_with,biolink:InformationContentEntity,biolink:MolecularMixture
Retriever,biolink:correlated_with,biolink:ChemicalEntity,biolink:Activity
Retriever,biolink:correlated_with,biolink:PopulationOfIndividualOrganisms,biolink:BiologicalProcess
Retriever,biolink:correlated_with,biolink:Procedure,biolink:GrossAnatomicalStructure
Retriever,biolink:positively_correlated_with,biolink:GrossAnatomicalStructure,biolink:Drug
Retriever,biolink:positively_correlated_with,biolink:GrossAnatomicalStructure,biolink:SmallMolecule
Retriever,biolink:positively_correlated_with,biolink:Activity,biolink:Drug
Retriever,biolink:positively_correlated_with,biolink:Activity,biolink:SmallMolecule
Retriever,biolink:positively_correlated_with,biolink:GrossAnatomicalStructure,biolink:PhenotypicFeature
Retriever,biolink:correlated_with,biolink:PopulationOfIndividualOrganisms,biolink:PhenotypicFeature
Retriever,biolink:correlated_with,biolink:DiseaseOrPhenotypicFeature,biolink:Procedure
Retriever,biolink:correlated_with,biolink:PopulationOfIndividualOrganisms,biolink:Phenomenon
Retriever,biolink:correlated_with,biolink:Activity,biolink:InformationContentEntity
Retriever,biolink:correlated_with,biolink:Gene,biolink:Device
Retriever,biolink:positively_correlated_with,biolink:GrossAnatomicalStructure,biolink:BiologicalProcess
Retriever,biolink:correlated_with,biolink:DiseaseOrPhenotypicFeature,biolink:BiologicalProcess
Retriever,biolink:correlated_with,biolink:GrossAnatomicalStructure,biolink:Procedure
Retriever,biolink:correlated_with,biolink:Activity,biolink:PopulationOfIndividualOrganisms
Retriever,biolink:negatively_correlated_with,biolink:Protein,biolink:Disease
Retriever,biolink:negatively_correlated_with,biolink:Gene,biolink:Disease
Retriever,biolink:correlated_with,biolink:DiseaseOrPhenotypicFeature,biolink:Device
Retriever,biolink:correlated_with,biolink:PhysicalEntity,biolink:MolecularMixture
Retriever,biolink:negatively_correlated_with,biolink:PhenotypicFeature,biolink:BiologicalProcess
Retriever,biolink:positively_correlated_with,biolink:GrossAnatomicalStructure,biolink:GrossAnatomicalStructure
Retriever,biolink:negatively_correlated_with,biolink:Disease,biolink:Activity
Retriever,biolink:correlated_with,biolink:GrossAnatomicalStructure,biolink:BiologicalProcess
Retriever,biolink:correlated_with,biolink:Activity,biolink:Device
Retriever,biolink:correlated_with,biolink:Phenomenon,biolink:GrossAnatomicalStructure
Retriever,biolink:correlated_with,biolink:Procedure,biolink:Activity
Retriever,biolink:correlated_with,biolink:ChemicalEntity,biolink:Device
Retriever,biolink:negatively_correlated_with,biolink:BiologicalProcess,biolink:Drug
Retriever,biolink:negatively_correlated_with,biolink:BiologicalProcess,biolink:SmallMolecule
Retriever,biolink:negatively_correlated_with,biolink:PhenotypicFeature,biolink:OrganismTaxon
Retriever,biolink:positively_correlated_with,biolink:InformationContentEntity,biolink:Activity
Retriever,biolink:correlated_with,biolink:Procedure,biolink:Device
Retriever,biolink:correlated_with,biolink:DiseaseOrPhenotypicFeature,biolink:GrossAnatomicalStructure
Retriever,biolink:correlated_with,biolink:InformationContentEntity,biolink:PopulationOfIndividualOrganisms
Retriever,biolink:correlated_with,biolink:InformationContentEntity,biolink:Activity
Retriever,biolink:negatively_correlated_with,biolink:Protein,biolink:OrganismTaxon
Retriever,biolink:positively_correlated_with,biolink:Gene,biolink:Disease
Retriever,biolink:positively_correlated_with,biolink:OrganismTaxon,biolink:ChemicalEntity
Retriever,biolink:correlated_with,biolink:DiseaseOrPhenotypicFeature,biolink:InformationContentEntity
Retriever,biolink:correlated_with,biolink:Device,biolink:DiseaseOrPhenotypicFeature
Retriever,biolink:correlated_with,biolink:Drug,biolink:DiseaseOrPhenotypicFeature
Retriever,biolink:correlated_with,biolink:SmallMolecule,biolink:DiseaseOrPhenotypicFeature
Retriever,biolink:positively_correlated_with,biolink:BiologicalProcess,biolink:Disease
Retriever,biolink:correlated_with,biolink:Protein,biolink:Gene
Retriever,biolink:correlated_with,biolink:Device,biolink:InformationContentEntity
Retriever,biolink:negatively_correlated_with,biolink:Protein,biolink:Activity
Retriever,biolink:negatively_correlated_with,biolink:ChemicalEntity,biolink:InformationContentEntity
Retriever,biolink:negatively_correlated_with,biolink:OrganismTaxon,biolink:Disease
Retriever,biolink:negatively_correlated_with,biolink:ChemicalEntity,biolink:OrganismTaxon
Retriever,biolink:positively_correlated_with,biolink:Procedure,biolink:ChemicalEntity
Retriever,biolink:correlated_with,biolink:PhysicalEntity,biolink:DiseaseOrPhenotypicFeature
Retriever,biolink:correlated_with,biolink:Drug,biolink:Protein
Retriever,biolink:correlated_with,biolink:Phenomenon,biolink:ChemicalEntity
Retriever,biolink:correlated_with,biolink:Phenomenon,biolink:PhysicalEntity
Retriever,biolink:positively_correlated_with,biolink:OrganismTaxon,biolink:InformationContentEntity
Retriever,biolink:correlated_with,biolink:PhysicalEntity,biolink:Procedure
Retriever,biolink:negatively_correlated_with,biolink:Drug,biolink:GrossAnatomicalStructure
Retriever,biolink:negatively_correlated_with,biolink:SmallMolecule,biolink:GrossAnatomicalStructure
Retriever,biolink:correlated_with,biolink:GrossAnatomicalStructure,biolink:ChemicalEntity
Retriever,biolink:correlated_with,biolink:BiologicalProcess,biolink:Device
Retriever,biolink:positively_correlated_with,biolink:Protein,biolink:Activity
Retriever,biolink:negatively_correlated_with,biolink:Procedure,biolink:OrganismTaxon
Retriever,biolink:correlated_with,biolink:Procedure,biolink:PhysicalEntity
Retriever,biolink:negatively_correlated_with,biolink:Disease,biolink:Protein
Retriever,biolink:negatively_correlated_with,biolink:Disease,biolink:Gene
Retriever,biolink:negatively_correlated_with,biolink:GrossAnatomicalStructure,biolink:PhenotypicFeature
Retriever,biolink:correlated_with,biolink:PopulationOfIndividualOrganisms,biolink:GrossAnatomicalStructure
Retriever,biolink:correlated_with,biolink:MolecularMixture,biolink:InformationContentEntity
Retriever,biolink:correlated_with,biolink:InformationContentEntity,biolink:Device
Retriever,biolink:negatively_correlated_with,biolink:OrganismTaxon,biolink:PhenotypicFeature
Retriever,biolink:correlated_with,biolink:Activity,biolink:GrossAnatomicalStructure
Retriever,biolink:positively_correlated_with,biolink:OrganismTaxon,biolink:GrossAnatomicalStructure
Retriever,biolink:positively_correlated_with,biolink:BiologicalProcess,biolink:Drug
Retriever,biolink:positively_correlated_with,biolink:BiologicalProcess,biolink:SmallMolecule
Retriever,biolink:correlated_with,biolink:PhysicalEntity,biolink:BiologicalProcess
Retriever,biolink:correlated_with,biolink:Activity,biolink:Protein
Retriever,biolink:correlated_with,biolink:Activity,biolink:Gene
Retriever,biolink:negatively_correlated_with,biolink:InformationContentEntity,biolink:ChemicalEntity
Retriever,biolink:correlated_with,biolink:DiseaseOrPhenotypicFeature,biolink:Activity
Retriever,biolink:correlated_with,biolink:Device,biolink:Procedure
Retriever,biolink:correlated_with,biolink:Activity,biolink:PhysicalEntity
Retriever,biolink:correlated_with,biolink:PopulationOfIndividualOrganisms,biolink:MolecularMixture
Retriever,biolink:correlated_with,biolink:Activity,biolink:Activity
Retriever,biolink:correlated_with,biolink:Protein,biolink:MolecularMixture
Retriever,biolink:correlated_with,biolink:Gene,biolink:MolecularMixture
Retriever,biolink:positively_correlated_with,biolink:Drug,biolink:InformationContentEntity
Retriever,biolink:positively_correlated_with,biolink:SmallMolecule,biolink:InformationContentEntity
Retriever,biolink:negatively_correlated_with,biolink:BiologicalProcess,biolink:Disease
Retriever,biolink:correlated_with,biolink:OrganismTaxon,biolink:PhysicalEntity
Retriever,biolink:positively_correlated_with,biolink:OrganismTaxon,biolink:Protein
Retriever,biolink:positively_correlated_with,biolink:OrganismTaxon,biolink:Gene
Retriever,biolink:positively_correlated_with,biolink:PhenotypicFeature,biolink:Activity
Retriever,biolink:correlated_with,biolink:MolecularMixture,biolink:Protein
Retriever,biolink:correlated_with,biolink:MolecularMixture,biolink:Gene
Retriever,biolink:negatively_correlated_with,biolink:OrganismTaxon,biolink:Drug
Retriever,biolink:negatively_correlated_with,biolink:OrganismTaxon,biolink:SmallMolecule
Retriever,biolink:positively_correlated_with,biolink:InformationContentEntity,biolink:BiologicalProcess
Retriever,biolink:positively_correlated_with,biolink:Activity,biolink:GrossAnatomicalStructure
Retriever,biolink:correlated_with,biolink:Device,biolink:OrganismTaxon
Retriever,biolink:negatively_correlated_with,biolink:Activity,biolink:Disease
Retriever,biolink:positively_correlated_with,biolink:Procedure,biolink:GrossAnatomicalStructure
Retriever,biolink:correlated_with,biolink:DiseaseOrPhenotypicFeature,biolink:PhysicalEntity
Retriever,biolink:positively_correlated_with,biolink:Disease,biolink:Activity
Retriever,biolink:correlated_with,biolink:Device,biolink:BiologicalProcess
Retriever,biolink:negatively_correlated_with,biolink:Disease,biolink:ChemicalEntity
Retriever,biolink:correlated_with,biolink:PhysicalEntity,biolink:Activity
Retriever,biolink:negatively_correlated_with,biolink:OrganismTaxon,biolink:ChemicalEntity
Retriever,biolink:negatively_correlated_with,biolink:OrganismTaxon,biolink:InformationContentEntity
Retriever,biolink:positively_correlated_with,biolink:ChemicalEntity,biolink:Drug
Retriever,biolink:positively_correlated_with,biolink:ChemicalEntity,biolink:SmallMolecule
Retriever,biolink:correlated_with,biolink:PopulationOfIndividualOrganisms,biolink:InformationContentEntity
Retriever,biolink:correlated_with,biolink:PhysicalEntity,biolink:GrossAnatomicalStructure
Retriever,biolink:correlated_with,biolink:InformationContentEntity,biolink:DiseaseOrPhenotypicFeature
Retriever,biolink:correlated_with,biolink:Drug,biolink:Gene
Retriever,biolink:positively_correlated_with,biolink:OrganismTaxon,biolink:OrganismTaxon
Retriever,biolink:negatively_correlated_with,biolink:Drug,biolink:ChemicalEntity
Retriever,biolink:negatively_correlated_with,biolink:SmallMolecule,biolink:ChemicalEntity
Retriever,biolink:positively_correlated_with,biolink:OrganismTaxon,biolink:Drug
Retriever,biolink:positively_correlated_with,biolink:OrganismTaxon,biolink:SmallMolecule
Retriever,biolink:negatively_correlated_with,biolink:Activity,biolink:PhenotypicFeature
Retriever,biolink:positively_correlated_with,biolink:GrossAnatomicalStructure,biolink:ChemicalEntity
Retriever,biolink:negatively_correlated_with,biolink:Device,biolink:OrganismTaxon
Retriever,biolink:negatively_correlated_with,biolink:Device,biolink:Drug
Retriever,biolink:negatively_correlated_with,biolink:Device,biolink:SmallMolecule
Retriever,biolink:correlated_with,biolink:BiologicalProcess,biolink:DiseaseOrPhenotypicFeature
Retriever,biolink:positively_correlated_with,biolink:OrganismTaxon,biolink:Device
Retriever,biolink:positively_correlated_with,biolink:Device,biolink:PhenotypicFeature
Retriever,biolink:positively_correlated_with,biolink:InformationContentEntity,biolink:OrganismTaxon
Retriever,biolink:negatively_correlated_with,biolink:Device,biolink:ChemicalEntity
Retriever,biolink:correlated_with,biolink:DiseaseOrPhenotypicFeature,biolink:PopulationOfIndividualOrganisms
Retriever,biolink:correlated_with,biolink:Gene,biolink:GrossAnatomicalStructure
Retriever,biolink:positively_correlated_with,biolink:Protein,biolink:ChemicalEntity
Retriever,biolink:correlated_with,biolink:PhysicalEntity,biolink:PopulationOfIndividualOrganisms
Retriever,biolink:positively_correlated_with,biolink:Protein,biolink:GrossAnatomicalStructure
Retriever,biolink:correlated_with,biolink:BiologicalProcess,biolink:GrossAnatomicalStructure
Retriever,biolink:correlated_with,biolink:GrossAnatomicalStructure,biolink:PopulationOfIndividualOrganisms
Retriever,biolink:correlated_with,biolink:Device,biolink:GrossAnatomicalStructure
Retriever,biolink:positively_correlated_with,biolink:ChemicalEntity,biolink:ChemicalEntity
Retriever,biolink:positively_correlated_with,biolink:Procedure,biolink:OrganismTaxon
Retriever,biolink:positively_correlated_with,biolink:Protein,biolink:Protein
Retriever,biolink:positively_correlated_with,biolink:Protein,biolink:Device
Retriever,biolink:negatively_correlated_with,biolink:GrossAnatomicalStructure,biolink:Drug
Retriever,biolink:negatively_correlated_with,biolink:GrossAnatomicalStructure,biolink:SmallMolecule
Retriever,biolink:negatively_correlated_with,biolink:InformationContentEntity,biolink:BiologicalProcess
Retriever,biolink:positively_correlated_with,biolink:InformationContentEntity,biolink:ChemicalEntity
Retriever,biolink:negatively_correlated_with,biolink:InformationContentEntity,biolink:GrossAnatomicalStructure
Retriever,biolink:positively_correlated_with,biolink:GrossAnatomicalStructure,biolink:Activity
Retriever,biolink:correlated_with,biolink:MolecularMixture,biolink:PhysicalEntity
Retriever,biolink:correlated_with,biolink:DiseaseOrPhenotypicFeature,biolink:Protein
Retriever,biolink:correlated_with,biolink:DiseaseOrPhenotypicFeature,biolink:Gene
Retriever,biolink:negatively_correlated_with,biolink:Activity,biolink:Protein
Retriever,biolink:negatively_correlated_with,biolink:Activity,biolink:Gene
Retriever,biolink:correlated_with,biolink:ChemicalEntity,biolink:PopulationOfIndividualOrganisms
Retriever,biolink:positively_correlated_with,biolink:ChemicalEntity,biolink:OrganismTaxon
Retriever,biolink:correlated_with,biolink:MolecularMixture,biolink:DiseaseOrPhenotypicFeature
Retriever,biolink:correlated_with,biolink:GrossAnatomicalStructure,biolink:DiseaseOrPhenotypicFeature
Retriever,biolink:negatively_correlated_with,biolink:Protein,biolink:ChemicalEntity
Retriever,biolink:negatively_correlated_with,biolink:ChemicalEntity,biolink:Activity
Retriever,biolink:positively_correlated_with,biolink:Drug,biolink:Protein
Retriever,biolink:positively_correlated_with,biolink:Drug,biolink:Gene
Retriever,biolink:positively_correlated_with,biolink:SmallMolecule,biolink:Protein
Retriever,biolink:positively_correlated_with,biolink:SmallMolecule,biolink:Gene
Retriever,biolink:correlated_with,biolink:Phenomenon,biolink:BiologicalProcess
Retriever,biolink:positively_correlated_with,biolink:OrganismTaxon,biolink:Activity
Retriever,biolink:correlated_with,biolink:BiologicalProcess,biolink:PopulationOfIndividualOrganisms
Retriever,biolink:negatively_correlated_with,biolink:OrganismTaxon,biolink:Protein
Retriever,biolink:negatively_correlated_with,biolink:OrganismTaxon,biolink:Gene
Retriever,biolink:negatively_correlated_with,biolink:InformationContentEntity,biolink:Gene
Retriever,biolink:correlated_with,biolink:GrossAnatomicalStructure,biolink:Device
Retriever,biolink:positively_correlated_with,biolink:Activity,biolink:ChemicalEntity
Retriever,biolink:correlated_with,biolink:PhysicalEntity,biolink:Device
Retriever,biolink:negatively_correlated_with,biolink:InformationContentEntity,biolink:OrganismTaxon
Retriever,biolink:positively_correlated_with,biolink:Protein,biolink:InformationContentEntity
Retriever,biolink:correlated_with,biolink:PopulationOfIndividualOrganisms,biolink:DiseaseOrPhenotypicFeature
Retriever,biolink:positively_correlated_with,biolink:Disease,biolink:Device
Retriever,biolink:positively_correlated_with,biolink:InformationContentEntity,biolink:Gene
Retriever,biolink:correlated_with,biolink:Device,biolink:Gene
Retriever,biolink:correlated_with,biolink:DiseaseOrPhenotypicFeature,biolink:ChemicalEntity
Retriever,biolink:negatively_correlated_with,biolink:ChemicalEntity,biolink:Procedure
Retriever,biolink:member_of,biolink:Protein,biolink:GeneFamily
Retriever,biolink:member_of,biolink:Gene,biolink:GeneFamily
Retriever,biolink:orthologous_to,biolink:Protein,biolink:Gene
Retriever,biolink:orthologous_to,biolink:Gene,biolink:Protein
Retriever,biolink:has_side_effect,biolink:SmallMolecule,biolink:Disease
Retriever,biolink:has_side_effect,biolink:SmallMolecule,biolink:PhenotypicFeature
Retriever,biolink:has_side_effect,biolink:MolecularMixture,biolink:Disease
Retriever,biolink:has_side_effect,biolink:MolecularMixture,biolink:PhenotypicFeature
Retriever,biolink:has_side_effect,biolink:SmallMolecule,biolink:Procedure
Retriever,biolink:has_side_effect,biolink:MolecularMixture,biolink:Procedure
Retriever,biolink:has_side_effect,biolink:SmallMolecule,biolink:Behavior
Retriever,biolink:has_side_effect,biolink:MolecularMixture,biolink:AnatomicalEntity
Retriever,biolink:has_side_effect,biolink:SmallMolecule,biolink:AnatomicalEntity
Retriever,biolink:has_side_effect,biolink:SmallMolecule,biolink:Phenomenon
Retriever,biolink:has_side_effect,biolink:MolecularMixture,biolink:Behavior
Retriever,biolink:has_side_effect,biolink:SmallMolecule,biolink:InformationContentEntity
Retriever,biolink:has_side_effect,biolink:SmallMolecule,biolink:ClinicalAttribute
Retriever,biolink:has_side_effect,biolink:MolecularMixture,biolink:Phenomenon
Retriever,biolink:has_side_effect,biolink:MolecularMixture,biolink:InformationContentEntity
Retriever,biolink:directly_physically_interacts_with,biolink:SmallMolecule,biolink:SmallMolecule
Retriever,biolink:directly_physically_interacts_with,biolink:Protein,biolink:SmallMolecule
Retriever,biolink:directly_physically_interacts_with,biolink:Gene,biolink:SmallMolecule
Retriever,biolink:directly_physically_interacts_with,biolink:SmallMolecule,biolink:ChemicalEntity
Retriever,biolink:directly_physically_interacts_with,biolink:ChemicalEntity,biolink:ChemicalEntity
Retriever,biolink:directly_physically_interacts_with,biolink:SmallMolecule,biolink:MolecularMixture
Retriever,biolink:directly_physically_interacts_with,biolink:MolecularMixture,biolink:SmallMolecule
Retriever,biolink:directly_physically_interacts_with,biolink:Gene,biolink:ChemicalEntity
Retriever,biolink:directly_physically_interacts_with,biolink:ChemicalEntity,biolink:SmallMolecule
Retriever,biolink:orthologous_to,biolink:Protein,biolink:Protein
Retriever,biolink:ameliorates_condition,biolink:SmallMolecule,biolink:BiologicalProcess
Retriever,biolink:part_of,biolink:Protein,biolink:Protein
Retriever,biolink:has_substrate,biolink:Protein,biolink:ChemicalEntity
Retriever,biolink:associated_with,biolink:MolecularMixture,biolink:CellularComponent
Retriever,biolink:ameliorates_condition,biolink:SmallMolecule,biolink:PhenotypicFeature
Retriever,biolink:associated_with,biolink:MolecularMixture,biolink:Pathway
Retriever,biolink:treats,biolink:SmallMolecule,biolink:BiologicalProcess
Retriever,biolink:has_substrate,biolink:Protein,biolink:MolecularMixture
Retriever,biolink:has_substrate,biolink:Gene,biolink:ChemicalEntity
Retriever,biolink:associated_with,biolink:Gene,biolink:Gene
Retriever,biolink:has_substrate,biolink:Gene,biolink:MolecularMixture
Retriever,biolink:has_substrate,biolink:Protein,biolink:SmallMolecule
Retriever,biolink:treats,biolink:SmallMolecule,biolink:OrganismTaxon
Retriever,biolink:associated_with,biolink:SmallMolecule,biolink:Pathway
Retriever,biolink:correlated_with,biolink:MolecularMixture,biolink:SmallMolecule
Retriever,biolink:has_substrate,biolink:Gene,biolink:SmallMolecule
Retriever,biolink:correlated_with,biolink:SmallMolecule,biolink:MolecularMixture
Retriever,biolink:contributes_to,biolink:MolecularMixture,biolink:Disease
Retriever,biolink:contributes_to,biolink:Protein,biolink:Disease
Retriever,biolink:contributes_to,biolink:Protein,biolink:PhenotypicFeature
Retriever,biolink:contributes_to,biolink:ComplexMolecularMixture,biolink:Disease
Retriever,biolink:contributes_to,biolink:ComplexMolecularMixture,biolink:PhenotypicFeature
Retriever,biolink:positively_correlated_with,biolink:ChemicalEntity,biolink:Disease
Retriever,biolink:affects_sensitivity_to,biolink:Gene,biolink:SmallMolecule
Retriever,biolink:increases_sensitivity_to,biolink:Gene,biolink:SmallMolecule
Retriever,biolink:decreases_sensitivity_to,biolink:Gene,biolink:SmallMolecule
Retriever,biolink:increases_sensitivity_to,biolink:Gene,biolink:ChemicalEntity
Retriever,biolink:affects_sensitivity_to,biolink:Gene,biolink:ChemicalEntity
Retriever,biolink:positively_correlated_with,biolink:ChemicalEntity,biolink:PhenotypicFeature
Retriever,biolink:positively_correlated_with,biolink:ComplexMolecularMixture,biolink:Disease
Retriever,biolink:positively_correlated_with,biolink:Drug,biolink:BiologicalProcess
Retriever,biolink:decreases_sensitivity_to,biolink:Gene,biolink:Protein
Retriever,biolink:decreases_sensitivity_to,biolink:Gene,biolink:MolecularMixture
Retriever,biolink:negatively_correlated_with,biolink:ChemicalEntity,biolink:BiologicalProcess
Retriever,biolink:affects_sensitivity_to,biolink:Gene,biolink:Protein
Retriever,biolink:positively_correlated_with,biolink:Protein,biolink:BiologicalProcess
Retriever,biolink:in_clinical_trials_for,biolink:Drug,biolink:Disease
Retriever,biolink:in_clinical_trials_for,biolink:Protein,biolink:Disease
Retriever,biolink:in_clinical_trials_for,biolink:Drug,biolink:PhenotypicFeature
Retriever,biolink:in_clinical_trials_for,biolink:Protein,biolink:PhenotypicFeature
Retriever,biolink:treats,biolink:Protein,biolink:Disease
Retriever,biolink:treats,biolink:Protein,biolink:PhenotypicFeature
Retriever,biolink:acts_upstream_of,biolink:Gene,biolink:Pathway
Retriever,biolink:positively_correlated_with,biolink:Disease,biolink:BiologicalProcess
Retriever,biolink:correlated_with,biolink:BiologicalProcess,biolink:BiologicalProcess
Retriever,biolink:orthologous_to,biolink:Gene,biolink:Gene
Retriever,biolink:acts_upstream_of_or_within,biolink:Gene,biolink:Gene
Retriever,biolink:regulates,biolink:CellularComponent,biolink:Protein
Retriever,biolink:regulates,biolink:CellularComponent,biolink:Gene
Retriever,biolink:regulates,biolink:Protein,biolink:CellularComponent
Retriever,biolink:regulates,biolink:Gene,biolink:CellularComponent
Retriever,biolink:acts_upstream_of_negative_effect,biolink:Gene,biolink:CellularComponent
Retriever,biolink:acts_upstream_of_or_within,biolink:Protein,biolink:BiologicalProcess
Retriever,biolink:acts_upstream_of_or_within,biolink:Gene,biolink:BiologicalProcess
Retriever,biolink:active_in,biolink:Protein,biolink:CellularComponent
Retriever,biolink:acts_upstream_of_positive_effect,biolink:Protein,biolink:BiologicalProcess
Retriever,biolink:acts_upstream_of_positive_effect,biolink:Gene,biolink:BiologicalProcess
Retriever,biolink:acts_upstream_of_or_within_negative_effect,biolink:Protein,biolink:BiologicalProcess
Retriever,biolink:acts_upstream_of_or_within_negative_effect,biolink:Gene,biolink:BiologicalProcess
Retriever,biolink:acts_upstream_of_or_within,biolink:Protein,biolink:Pathway
Retriever,biolink:acts_upstream_of_or_within_positive_effect,biolink:Protein,biolink:BiologicalProcess
Retriever,biolink:acts_upstream_of_or_within_positive_effect,biolink:Gene,biolink:BiologicalProcess
Retriever,biolink:acts_upstream_of_negative_effect,biolink:Protein,biolink:BiologicalProcess
Retriever,biolink:acts_upstream_of_negative_effect,biolink:Gene,biolink:BiologicalProcess
Retriever,biolink:acts_upstream_of_negative_effect,biolink:Protein,biolink:Pathway
Retriever,biolink:acts_upstream_of_or_within_negative_effect,biolink:Protein,biolink:Pathway
Retriever,biolink:treats,biolink:ComplexMolecularMixture,biolink:Disease
Retriever,biolink:treats,biolink:ComplexMolecularMixture,biolink:PhenotypicFeature
Retriever,biolink:associated_with,biolink:SmallMolecule,biolink:BiologicalProcess
Retriever,biolink:associated_with,biolink:SmallMolecule,biolink:MolecularActivity
Retriever,biolink:correlated_with,biolink:Drug,biolink:Disease
Retriever,biolink:correlated_with,biolink:Drug,biolink:PhenotypicFeature
Retriever,biolink:associated_with,biolink:ChemicalEntity,biolink:MolecularActivity
Retriever,biolink:associated_with,biolink:MolecularMixture,biolink:MolecularActivity
Retriever,biolink:correlated_with,biolink:SmallMolecule,biolink:ChemicalEntity
Retriever,biolink:correlated_with,biolink:Disease,biolink:BiologicalProcess
Retriever,biolink:correlated_with,biolink:Procedure,biolink:OrganismTaxon
Retriever,biolink:correlated_with,biolink:InformationContentEntity,biolink:Disease
Retriever,biolink:correlated_with,biolink:PhenotypicFeature,biolink:BiologicalProcess
Retriever,biolink:correlated_with,biolink:Activity,biolink:Disease
Retriever,biolink:correlated_with,biolink:InformationContentEntity,biolink:ChemicalEntity
Retriever,biolink:correlated_with,biolink:Protein,biolink:ChemicalEntity
Retriever,biolink:correlated_with,biolink:InformationContentEntity,biolink:OrganismTaxon
Retriever,biolink:correlated_with,biolink:SmallMolecule,biolink:GrossAnatomicalStructure
Retriever,biolink:correlated_with,biolink:Protein,biolink:OrganismTaxon
Retriever,biolink:correlated_with,biolink:Activity,biolink:BiologicalProcess
Retriever,biolink:correlated_with,biolink:SmallMolecule,biolink:BiologicalProcess
Retriever,biolink:correlated_with,biolink:InformationContentEntity,biolink:BiologicalProcess
Retriever,biolink:correlated_with,biolink:Drug,biolink:BiologicalProcess
Retriever,biolink:correlated_with,biolink:InformationContentEntity,biolink:Gene
Retriever,biolink:correlated_with,biolink:OrganismTaxon,biolink:GrossAnatomicalStructure
Retriever,biolink:correlated_with,biolink:PhenotypicFeature,biolink:GrossAnatomicalStructure
Retriever,biolink:correlated_with,biolink:Drug,biolink:OrganismTaxon
Retriever,biolink:correlated_with,biolink:SmallMolecule,biolink:OrganismTaxon
Retriever,biolink:correlated_with,biolink:MolecularMixture,biolink:ChemicalEntity
Retriever,biolink:correlated_with,biolink:InformationContentEntity,biolink:Phenomenon
Retriever,biolink:correlated_with,biolink:MolecularMixture,biolink:OrganismTaxon
Retriever,biolink:correlated_with,biolink:Activity,biolink:OrganismTaxon
Retriever,biolink:correlated_with,biolink:ChemicalEntity,biolink:BiologicalProcess
Retriever,biolink:correlated_with,biolink:MolecularMixture,biolink:BiologicalProcess
Retriever,biolink:correlated_with,biolink:Procedure,biolink:BiologicalProcess
Retriever,biolink:correlated_with,biolink:SmallMolecule,biolink:Gene
Retriever,biolink:correlated_with,biolink:PopulationOfIndividualOrganisms,biolink:OrganismTaxon
Retriever,biolink:associated_with,biolink:SmallMolecule,biolink:CellularComponent
Retriever,biolink:directly_physically_interacts_with,biolink:Protein,biolink:ChemicalEntity
Retriever,biolink:occurs_in,biolink:BiologicalProcess,biolink:Disease
Retriever,biolink:coexists_with,biolink:BiologicalProcess,biolink:PhenotypicFeature
Retriever,biolink:affects,biolink:Phenomenon,biolink:BiologicalProcess
Retriever,biolink:located_in,biolink:BiologicalProcess,biolink:GrossAnatomicalStructure
Retriever,biolink:located_in,biolink:BiologicalProcess,biolink:Cell
Retriever,biolink:located_in,biolink:BiologicalProcess,biolink:AnatomicalEntity
Retriever,biolink:coexists_with,biolink:Phenomenon,biolink:BiologicalProcess
Retriever,biolink:coexists_with,biolink:ClinicalAttribute,biolink:BiologicalProcess
Retriever,biolink:coexists_with,biolink:BiologicalProcess,biolink:Activity
Retriever,biolink:occurs_in,biolink:BiologicalProcess,biolink:SmallMolecule
Retriever,biolink:interacts_with,biolink:CellularComponent,biolink:Cell
Retriever,biolink:affects,biolink:ClinicalAttribute,biolink:BiologicalProcess
Retriever,biolink:interacts_with,biolink:Cell,biolink:CellularComponent
Retriever,biolink:causes,biolink:PhenotypicFeature,biolink:BiologicalProcess
Retriever,biolink:precedes,biolink:Procedure,biolink:BiologicalProcess
Retriever,biolink:coexists_with,biolink:Disease,biolink:BiologicalProcess
Retriever,biolink:coexists_with,biolink:Disease,biolink:MolecularMixture
Retriever,biolink:predisposes_to_condition,biolink:PhenotypicFeature,biolink:BiologicalProcess
Retriever,biolink:produces,biolink:BiologicalProcess,biolink:Protein
Retriever,biolink:produces,biolink:BiologicalProcess,biolink:Gene
Retriever,biolink:precedes,biolink:Disease,biolink:BiologicalProcess
Retriever,biolink:occurs_in,biolink:BiologicalProcess,biolink:Human
Retriever,biolink:causes,biolink:GenomicEntity,biolink:BiologicalProcess
Retriever,biolink:related_to,biolink:BiologicalProcess,biolink:Activity
Retriever,biolink:produces,biolink:BiologicalProcess,biolink:ChemicalEntity
Retriever,biolink:affects,biolink:GrossAnatomicalStructure,biolink:BiologicalProcess
Retriever,biolink:coexists_with,biolink:ChemicalEntity,biolink:Disease
Retriever,biolink:affects,biolink:BiologicalProcess,biolink:MolecularActivity
Retriever,biolink:disrupts,biolink:PhenotypicFeature,biolink:BiologicalProcess
Retriever,biolink:produces,biolink:BiologicalProcess,biolink:Drug
Retriever,biolink:produces,biolink:BiologicalProcess,biolink:SmallMolecule
Retriever,biolink:affects,biolink:AnatomicalEntity,biolink:BiologicalProcess
Retriever,biolink:occurs_in,biolink:BiologicalProcess,biolink:PhenotypicFeature
Retriever,biolink:affects,biolink:BiologicalProcess,biolink:ClinicalAttribute
Retriever,biolink:precedes,biolink:PhenotypicFeature,biolink:BiologicalProcess
Retriever,biolink:affects,biolink:BiologicalProcess,biolink:Drug
Retriever,biolink:coexists_with,biolink:Activity,biolink:BiologicalProcess
Retriever,biolink:affects,biolink:BiologicalProcess,biolink:Human
Retriever,biolink:coexists_with,biolink:Disease,biolink:SmallMolecule
Retriever,biolink:manifestation_of,biolink:PhenotypicFeature,biolink:BiologicalProcess
Retriever,biolink:coexists_with,biolink:Behavior,biolink:BiologicalProcess
Retriever,biolink:affects,biolink:CellularComponent,biolink:BiologicalProcess
Retriever,biolink:produces,biolink:BiologicalProcess,biolink:AnatomicalEntity
Retriever,biolink:coexists_with,biolink:BiologicalProcess,biolink:Behavior
Retriever,biolink:affects,biolink:BiologicalProcess,biolink:Activity
Retriever,biolink:affects,biolink:BiologicalProcess,biolink:PopulationOfIndividualOrganisms
Retriever,biolink:affects,biolink:BiologicalProcess,biolink:BiologicalEntity
Retriever,biolink:diagnoses,biolink:Procedure,biolink:BiologicalProcess
Retriever,biolink:affects,biolink:BiologicalProcess,biolink:Cohort
Retriever,biolink:affects,biolink:BiologicalProcess,biolink:InformationContentEntity
Retriever,biolink:coexists_with,biolink:Disease,biolink:Drug
Retriever,biolink:occurs_in,biolink:BiologicalProcess,biolink:InformationContentEntity
Retriever,biolink:exacerbates_condition,biolink:Polypeptide,biolink:BiologicalProcess
Retriever,biolink:coexists_with,biolink:Disease,biolink:Protein
Retriever,biolink:coexists_with,biolink:BiologicalProcess,biolink:AnatomicalEntity
Retriever,biolink:coexists_with,biolink:Protein,biolink:Disease
Retriever,biolink:diagnoses,biolink:BiologicalProcess,biolink:Disease
Retriever,biolink:interacts_with,biolink:OrganismTaxon,biolink:GenomicEntity
Retriever,biolink:precedes,biolink:Activity,biolink:BiologicalProcess
Retriever,biolink:related_to,biolink:NucleicAcidEntity,biolink:BiologicalProcess
Retriever,biolink:located_in,biolink:MolecularActivity,biolink:ChemicalEntity
Retriever,biolink:coexists_with,biolink:BiologicalProcess,biolink:ClinicalAttribute
Retriever,biolink:occurs_in,biolink:BiologicalProcess,biolink:GenomicEntity
Retriever,biolink:coexists_with,biolink:Disease,biolink:ChemicalEntity
Retriever,biolink:precedes,biolink:BiologicalProcess,biolink:Procedure
Retriever,biolink:located_in,biolink:Publication,biolink:Agent
Retriever,biolink:treats_or_applied_or_studied_to_treat,biolink:Procedure,biolink:BiologicalEntity
Retriever,biolink:coexists_with,biolink:Drug,biolink:Disease
Retriever,biolink:coexists_with,biolink:SmallMolecule,biolink:Disease
Retriever,biolink:related_to,biolink:BiologicalProcess,biolink:InformationContentEntity
Retriever,biolink:coexists_with,biolink:PhenotypicFeature,biolink:BiologicalProcess
Retriever,biolink:occurs_in,biolink:PhenotypicFeature,biolink:Protein
Retriever,biolink:occurs_in,biolink:PhenotypicFeature,biolink:Gene
Retriever,biolink:precedes,biolink:BiologicalProcess,biolink:Activity
Retriever,biolink:located_in,biolink:BiologicalProcess,biolink:OrganismTaxon
Retriever,biolink:occurs_in,biolink:Disease,biolink:MolecularMixture
Retriever,biolink:located_in,biolink:CellularComponent,biolink:ChemicalEntity
Retriever,biolink:coexists_with,biolink:InformationContentEntity,biolink:BiologicalProcess
Retriever,biolink:coexists_with,biolink:Procedure,biolink:BiologicalProcess
Retriever,biolink:derives_from,biolink:Protein,biolink:ComplexMolecularMixture
Retriever,biolink:precedes,biolink:BiologicalProcess,biolink:Behavior
Retriever,biolink:precedes,biolink:BiologicalProcess,biolink:InformationContentEntity
Retriever,biolink:treats_or_applied_or_studied_to_treat,biolink:Gene,biolink:CellularComponent
Retriever,biolink:has_input,biolink:Publication,biolink:Device
Retriever,biolink:treats_or_applied_or_studied_to_treat,biolink:Protein,biolink:CellularComponent
Retriever,biolink:related_to,biolink:BiologicalProcess,biolink:ClinicalAttribute
Retriever,biolink:causes,biolink:Polypeptide,biolink:BiologicalProcess
Retriever,biolink:coexists_with,biolink:Disease,biolink:Gene
Retriever,biolink:disrupts,biolink:ComplexMolecularMixture,biolink:BiologicalProcess
Retriever,biolink:has_input,biolink:AnatomicalEntity,biolink:ChemicalEntity
Retriever,biolink:related_to,biolink:InformationContentEntity,biolink:BiologicalProcess
Retriever,biolink:diagnoses,biolink:Publication,biolink:Activity
Retriever,biolink:has_input,biolink:BiologicalProcess,biolink:Device
Retriever,biolink:coexists_with,biolink:AnatomicalEntity,biolink:BiologicalProcess
Retriever,biolink:affects,biolink:OrganismTaxon,biolink:BiologicalProcess
Retriever,biolink:causes,biolink:ComplexMolecularMixture,biolink:BiologicalProcess
Retriever,biolink:precedes,biolink:BiologicalProcess,biolink:Phenomenon
Retriever,biolink:occurs_in,biolink:PhenotypicFeature,biolink:GenomicEntity
Retriever,biolink:has_input,biolink:AnatomicalEntity,biolink:Device
Retriever,biolink:affects,biolink:BiologicalProcess,biolink:Polypeptide
Retriever,biolink:treats_or_applied_or_studied_to_treat,biolink:ChemicalEntity,biolink:Procedure
Retriever,biolink:precedes,biolink:Behavior,biolink:BiologicalProcess
Retriever,biolink:produces,biolink:Protein,biolink:CellularComponent
Retriever,biolink:predisposes_to_condition,biolink:Disease,biolink:BiologicalProcess
Retriever,biolink:treats_or_applied_or_studied_to_treat,biolink:GenomicEntity,biolink:Disease
Retriever,biolink:related_to,biolink:Activity,biolink:BiologicalProcess
Retriever,biolink:precedes,biolink:BiologicalProcess,biolink:ClinicalAttribute
Retriever,biolink:predisposes_to_condition,biolink:DiseaseOrPhenotypicFeature,biolink:BiologicalProcess
Retriever,biolink:has_part,biolink:AnatomicalEntity,biolink:Procedure
Retriever,biolink:affects,biolink:BiologicalProcess,biolink:Procedure
Retriever,biolink:occurs_in,biolink:BiologicalProcess,biolink:Agent
Retriever,biolink:occurs_in,biolink:BiologicalProcess,biolink:MolecularMixture
Retriever,biolink:located_in,biolink:BiologicalProcess,biolink:PhenotypicFeature
Retriever,biolink:treats_or_applied_or_studied_to_treat,biolink:MolecularActivity,biolink:InformationContentEntity
Retriever,biolink:precedes,biolink:InformationContentEntity,biolink:BiologicalProcess
Retriever,biolink:affects,biolink:Cell,biolink:PhenotypicFeature
Retriever,biolink:has_input,biolink:Protein,biolink:ChemicalEntity
Retriever,biolink:exacerbates_condition,biolink:Procedure,biolink:BiologicalProcess
Retriever,biolink:coexists_with,biolink:BiologicalProcess,biolink:Procedure
Retriever,biolink:affects,biolink:PhysicalEntity,biolink:BiologicalProcess
Retriever,biolink:affects,biolink:CellularComponent,biolink:Phenomenon
Retriever,biolink:diagnoses,biolink:BiologicalProcess,biolink:PhenotypicFeature
Retriever,biolink:affects,biolink:BiologicalProcess,biolink:Publication
Retriever,biolink:manifestation_of,biolink:InformationContentEntity,biolink:BiologicalProcess
Retriever,biolink:precedes,biolink:Phenomenon,biolink:BiologicalProcess
Retriever,biolink:produces,biolink:BiologicalProcess,biolink:MolecularMixture
Retriever,biolink:located_in,biolink:GenomicEntity,biolink:PhenotypicFeature
Retriever,biolink:exacerbates_condition,biolink:Drug,biolink:BiologicalProcess
Retriever,biolink:interacts_with,biolink:CellularComponent,biolink:Drug
Retriever,biolink:coexists_with,biolink:MolecularActivity,biolink:Protein
Retriever,biolink:interacts_with,biolink:SmallMolecule,biolink:CellularComponent
Retriever,biolink:interacts_with,biolink:InformationContentEntity,biolink:Cell
Retriever,biolink:interacts_with,biolink:PhenotypicFeature,biolink:PhenotypicFeature
Retriever,biolink:occurs_in,biolink:OrganismTaxon,biolink:PhenotypicFeature
Retriever,biolink:treats_or_applied_or_studied_to_treat,biolink:MolecularMixture,biolink:InformationContentEntity
Retriever,biolink:produces,biolink:BiologicalProcess,biolink:GrossAnatomicalStructure
Retriever,biolink:treats_or_applied_or_studied_to_treat,biolink:Behavior,biolink:OrganismTaxon
Retriever,biolink:manifestation_of,biolink:Phenomenon,biolink:BiologicalProcess
Retriever,biolink:located_in,biolink:BiologicalProcess,biolink:Polypeptide
Retriever,biolink:produces,biolink:BiologicalProcess,biolink:Cohort
Retriever,biolink:affects,biolink:BiologicalProcess,biolink:Agent
Retriever,biolink:has_input,biolink:AnatomicalEntity,biolink:SmallMolecule
Retriever,biolink:treats_or_applied_or_studied_to_treat,biolink:MolecularMixture,biolink:PopulationOfIndividualOrganisms
Retriever,biolink:disrupts,biolink:PhysicalEntity,biolink:BiologicalProcess
Retriever,biolink:affects,biolink:OrganismTaxon,biolink:Protein
Retriever,biolink:precedes,biolink:MolecularMixture,biolink:Procedure
Retriever,biolink:interacts_with,biolink:PhysicalEntity,biolink:MolecularMixture
Retriever,biolink:exacerbates_condition,biolink:Phenomenon,biolink:PhenotypicFeature
Retriever,biolink:disrupts,biolink:OrganismTaxon,biolink:Cell
Retriever,biolink:disrupts,biolink:OrganismTaxon,biolink:BiologicalProcess
Retriever,biolink:coexists_with,biolink:Protein,biolink:MolecularActivity
Retriever,biolink:related_to,biolink:BiologicalProcess,biolink:Gene
Retriever,biolink:affects,biolink:InformationContentEntity,biolink:Cell
Retriever,biolink:coexists_with,biolink:ChemicalEntity,biolink:BiologicalProcess
Retriever,biolink:treats_or_applied_or_studied_to_treat,biolink:Publication,biolink:OrganismTaxon
Retriever,biolink:related_to,biolink:ClinicalAttribute,biolink:BiologicalProcess
Retriever,biolink:produces,biolink:BiologicalEntity,biolink:MolecularMixture
Retriever,biolink:occurs_in,biolink:Phenomenon,biolink:Cell
Retriever,biolink:coexists_with,biolink:Gene,biolink:Disease
Retriever,biolink:affects,biolink:BiologicalProcess,biolink:MolecularMixture
Retriever,biolink:disrupts,biolink:Protein,biolink:ChemicalEntity
Retriever,biolink:disrupts,biolink:InformationContentEntity,biolink:BiologicalProcess
Retriever,biolink:coexists_with,biolink:Drug,biolink:OrganismTaxon
Retriever,biolink:coexists_with,biolink:SmallMolecule,biolink:OrganismTaxon
Retriever,biolink:located_in,biolink:MolecularMixture,biolink:PhenotypicFeature
Retriever,biolink:related_to,biolink:BiologicalProcess,biolink:Phenomenon
Retriever,biolink:affects,biolink:Publication,biolink:Disease
Retriever,biolink:affects,biolink:MolecularMixture,biolink:Activity
Retriever,biolink:located_in,biolink:OrganismTaxon,biolink:ChemicalEntity
Retriever,biolink:produces,biolink:BiologicalProcess,biolink:Polypeptide
Retriever,biolink:has_input,biolink:Protein,biolink:ComplexMolecularMixture
Retriever,biolink:causes,biolink:InformationContentEntity,biolink:BiologicalProcess
Retriever,biolink:treats_or_applied_or_studied_to_treat,biolink:Polypeptide,biolink:CellularComponent
Retriever,biolink:located_in,biolink:BiologicalProcess,biolink:InformationContentEntity
Retriever,biolink:has_part,biolink:InformationContentEntity,biolink:MolecularMixture
Retriever,biolink:coexists_with,biolink:MolecularMixture,biolink:OrganismTaxon
Retriever,biolink:has_input,biolink:AnatomicalEntity,biolink:PhysicalEntity
Retriever,biolink:disrupts,biolink:PhysicalEntity,biolink:Disease
Retriever,biolink:located_in,biolink:Procedure,biolink:ChemicalEntity
Retriever,biolink:affects,biolink:MolecularMixture,biolink:BiologicalEntity
Retriever,biolink:occurs_in,biolink:Activity,biolink:PhenotypicFeature
Retriever,biolink:interacts_with,biolink:Drug,biolink:CellularComponent
Retriever,biolink:coexists_with,biolink:Disease,biolink:Polypeptide
Retriever,biolink:affects,biolink:OrganismTaxon,biolink:Cell
Retriever,biolink:diagnoses,biolink:Publication,biolink:InformationContentEntity
Retriever,biolink:treats_or_applied_or_studied_to_treat,biolink:Procedure,biolink:Event
Retriever,biolink:precedes,biolink:Publication,biolink:Procedure
Retriever,biolink:derives_from,biolink:Disease,biolink:Protein
Retriever,biolink:derives_from,biolink:ChemicalEntity,biolink:OrganismTaxon
Retriever,biolink:produces,biolink:Cell,biolink:OrganismTaxon
Retriever,biolink:treats_or_applied_or_studied_to_treat,biolink:ChemicalEntity,biolink:CellularComponent
Retriever,biolink:occurs_in,biolink:Cohort,biolink:PopulationOfIndividualOrganisms
Retriever,biolink:manifestation_of,biolink:ClinicalAttribute,biolink:BiologicalProcess
Retriever,biolink:located_in,biolink:BiologicalProcess,biolink:Protein
Retriever,biolink:located_in,biolink:BiologicalProcess,biolink:Gene
Retriever,biolink:causes,biolink:PhysiologicalProcess,biolink:BiologicalProcess
Retriever,biolink:interacts_with,biolink:ChemicalEntity,biolink:InformationContentEntity
Retriever,biolink:causes,biolink:ClinicalAttribute,biolink:BiologicalProcess
Retriever,biolink:exacerbates_condition,biolink:SmallMolecule,biolink:BiologicalProcess
Retriever,biolink:occurs_in,biolink:MolecularActivity,biolink:MolecularMixture
Retriever,biolink:has_input,biolink:Publication,biolink:PopulationOfIndividualOrganisms
Retriever,biolink:located_in,biolink:BiologicalProcess,biolink:ChemicalEntity
Retriever,biolink:produces,biolink:CellularComponent,biolink:OrganismTaxon
Retriever,biolink:contributes_to,biolink:Drug,biolink:PhenotypicFeature
Retriever,biolink:affects,biolink:ComplexMolecularMixture,biolink:BiologicalProcess
Retriever,biolink:affects,biolink:ComplexMolecularMixture,biolink:CellularComponent
Retriever,biolink:affects,biolink:ChemicalMixture,biolink:BiologicalProcess
Retriever,biolink:affects,biolink:ChemicalMixture,biolink:Protein
Retriever,biolink:contraindicated_in,biolink:ChemicalEntity,biolink:Disease
Retriever,biolink:contraindicated_in,biolink:MolecularMixture,biolink:PhenotypicFeature
Retriever,biolink:contraindicated_in,biolink:ChemicalEntity,biolink:PhenotypicFeature
Retriever,biolink:diagnoses,biolink:Drug,biolink:Disease
Retriever,biolink:gene_associated_with_condition,biolink:Protein,biolink:BiologicalProcess
Retriever,biolink:gene_associated_with_condition,biolink:Gene,biolink:BiologicalProcess
Retriever,biolink:causes,biolink:Protein,biolink:Protein
Retriever,biolink:causes,biolink:Gene,biolink:Protein
Retriever,biolink:causes,biolink:CellularComponent,biolink:Protein
Retriever,biolink:causes,biolink:CellularComponent,biolink:Gene
Retriever,biolink:has_input,biolink:Protein,biolink:Gene
Retriever,biolink:correlated_with,biolink:DiseaseOrPhenotypicFeature,biolink:Disease
Retriever,biolink:correlated_with,biolink:PhenotypicFeature,biolink:DiseaseOrPhenotypicFeature
Retriever,biolink:correlated_with,biolink:DiseaseOrPhenotypicFeature,biolink:PhenotypicFeature
Retriever,biolink:correlated_with,biolink:Disease,biolink:DiseaseOrPhenotypicFeature
Retriever,biolink:correlated_with,biolink:ChemicalEntity,biolink:DiseaseOrPhenotypicFeature
Retriever,biolink:correlated_with,biolink:Protein,biolink:DiseaseOrPhenotypicFeature
Retriever,biolink:correlated_with,biolink:DiseaseOrPhenotypicFeature,biolink:DiseaseOrPhenotypicFeature
Retriever,biolink:correlated_with,biolink:Gene,biolink:DiseaseOrPhenotypicFeature
Retriever,biolink:coexists_with,biolink:BiologicalProcess,biolink:BiologicalProcess
Retriever,biolink:derives_from,biolink:MolecularMixture,biolink:MolecularMixture
Retriever,biolink:diagnoses,biolink:SmallMolecule,biolink:PhenotypicFeature
Retriever,biolink:directly_physically_interacts_with,biolink:MolecularMixture,biolink:Gene
Retriever,biolink:positively_correlated_with,biolink:Disease,biolink:Drug
Retriever,biolink:positively_correlated_with,biolink:Disease,biolink:SmallMolecule
Retriever,biolink:positively_correlated_with,biolink:Drug,biolink:Drug
Retriever,biolink:positively_correlated_with,biolink:Drug,biolink:SmallMolecule
Retriever,biolink:positively_correlated_with,biolink:SmallMolecule,biolink:Drug
Retriever,biolink:positively_correlated_with,biolink:SmallMolecule,biolink:SmallMolecule
Retriever,biolink:positively_correlated_with,biolink:Drug,biolink:Disease
Retriever,biolink:positively_correlated_with,biolink:SmallMolecule,biolink:Disease
Retriever,biolink:negatively_correlated_with,biolink:Drug,biolink:Disease
Retriever,biolink:negatively_correlated_with,biolink:SmallMolecule,biolink:Disease
Retriever,biolink:positively_correlated_with,biolink:Drug,biolink:PhenotypicFeature
Retriever,biolink:positively_correlated_with,biolink:SmallMolecule,biolink:PhenotypicFeature
Retriever,biolink:negatively_correlated_with,biolink:SmallMolecule,biolink:PhenotypicFeature
Retriever,biolink:negatively_correlated_with,biolink:Drug,biolink:PhenotypicFeature
Retriever,biolink:negatively_correlated_with,biolink:SmallMolecule,biolink:Drug
Retriever,biolink:negatively_correlated_with,biolink:SmallMolecule,biolink:SmallMolecule
Retriever,biolink:negatively_correlated_with,biolink:Disease,biolink:Drug
Retriever,biolink:negatively_correlated_with,biolink:Disease,biolink:SmallMolecule
Retriever,biolink:negatively_correlated_with,biolink:Procedure,biolink:PhenotypicFeature
Retriever,biolink:negatively_correlated_with,biolink:Drug,biolink:Drug
Retriever,biolink:negatively_correlated_with,biolink:Drug,biolink:SmallMolecule
Retriever,biolink:positively_correlated_with,biolink:Procedure,biolink:PhenotypicFeature
Retriever,biolink:positively_correlated_with,biolink:Disease,biolink:Procedure
Retriever,biolink:positively_correlated_with,biolink:PhenotypicFeature,biolink:Drug
Retriever,biolink:positively_correlated_with,biolink:PhenotypicFeature,biolink:SmallMolecule
Retriever,biolink:positively_correlated_with,biolink:PhenotypicFeature,biolink:Procedure
Retriever,biolink:negatively_correlated_with,biolink:PhenotypicFeature,biolink:Drug
Retriever,biolink:negatively_correlated_with,biolink:PhenotypicFeature,biolink:SmallMolecule
Retriever,biolink:positively_correlated_with,biolink:Procedure,biolink:Drug
Retriever,biolink:positively_correlated_with,biolink:Procedure,biolink:SmallMolecule
Retriever,biolink:positively_correlated_with,biolink:Procedure,biolink:Disease
Retriever,biolink:genetic_association,biolink:Disease,biolink:Pathway
Retriever,biolink:genetic_association,biolink:Pathway,biolink:Disease
Retriever,biolink:genetic_association,biolink:Pathway,biolink:PhenotypicFeature
Retriever,biolink:genetic_association,biolink:PhenotypicFeature,biolink:Pathway
Retriever,biolink:acts_upstream_of_or_within,biolink:Gene,biolink:Pathway
Retriever,biolink:acts_upstream_of_or_within_positive_effect,biolink:Gene,biolink:Pathway
Retriever,biolink:acts_upstream_of_negative_effect,biolink:Gene,biolink:Pathway
Retriever,biolink:acts_upstream_of_positive_effect,biolink:Gene,biolink:Pathway
Retriever,biolink:acts_upstream_of_or_within_negative_effect,biolink:Gene,biolink:Pathway
Retriever,biolink:correlated_with,biolink:SmallMolecule,biolink:Disease
Retriever,biolink:correlated_with,biolink:SmallMolecule,biolink:PhenotypicFeature
Retriever,biolink:associated_with,biolink:Gene,biolink:Disease
Retriever,biolink:associated_with,biolink:Protein,biolink:PhenotypicFeature
Retriever,biolink:associated_with,biolink:Gene,biolink:PhenotypicFeature
Retriever,biolink:correlated_with,biolink:ChemicalEntity,biolink:SmallMolecule
Retriever,biolink:correlated_with,biolink:PhenotypicFeature,biolink:OrganismTaxon
Retriever,biolink:correlated_with,biolink:Disease,biolink:InformationContentEntity
Retriever,biolink:correlated_with,biolink:Procedure,biolink:Protein
Retriever,biolink:correlated_with,biolink:Procedure,biolink:Gene
Retriever,biolink:correlated_with,biolink:SmallMolecule,biolink:InformationContentEntity
Retriever,biolink:correlated_with,biolink:SmallMolecule,biolink:Procedure
Retriever,biolink:correlated_with,biolink:OrganismTaxon,biolink:Procedure
Retriever,biolink:correlated_with,biolink:BiologicalProcess,biolink:Drug
Retriever,biolink:correlated_with,biolink:OrganismTaxon,biolink:Protein
Retriever,biolink:correlated_with,biolink:OrganismTaxon,biolink:Gene
Retriever,biolink:correlated_with,biolink:Procedure,biolink:SmallMolecule
Retriever,biolink:correlated_with,biolink:GrossAnatomicalStructure,biolink:PhenotypicFeature
Retriever,biolink:correlated_with,biolink:InformationContentEntity,biolink:SmallMolecule
Retriever,biolink:correlated_with,biolink:OrganismTaxon,biolink:PhenotypicFeature
Retriever,biolink:correlated_with,biolink:GrossAnatomicalStructure,biolink:SmallMolecule
Retriever,biolink:correlated_with,biolink:OrganismTaxon,biolink:Drug
Retriever,biolink:correlated_with,biolink:OrganismTaxon,biolink:SmallMolecule
Retriever,biolink:correlated_with,biolink:BiologicalProcess,biolink:PhenotypicFeature
Retriever,biolink:correlated_with,biolink:BiologicalProcess,biolink:Disease
Retriever,biolink:correlated_with,biolink:Disease,biolink:Protein
Retriever,biolink:correlated_with,biolink:Disease,biolink:OrganismTaxon
Retriever,biolink:correlated_with,biolink:BiologicalProcess,biolink:SmallMolecule
Retriever,biolink:correlated_with,biolink:PhenotypicFeature,biolink:Gene
Retriever,biolink:correlated_with,biolink:Gene,biolink:InformationContentEntity
Retriever,biolink:correlated_with,biolink:OrganismTaxon,biolink:OrganismTaxon
Retriever,biolink:correlated_with,biolink:ChemicalEntity,biolink:Protein
Retriever,biolink:correlated_with,biolink:ChemicalEntity,biolink:Gene
Retriever,biolink:correlated_with,biolink:Gene,biolink:OrganismTaxon
Retriever,biolink:correlated_with,biolink:OrganismTaxon,biolink:Disease
Retriever,biolink:correlated_with,biolink:Disease,biolink:Activity
Retriever,biolink:correlated_with,biolink:ChemicalEntity,biolink:OrganismTaxon
Retriever,biolink:correlated_with,biolink:Gene,biolink:ChemicalEntity
Retriever,biolink:correlated_with,biolink:Procedure,biolink:Procedure
Retriever,biolink:correlated_with,biolink:OrganismTaxon,biolink:InformationContentEntity
Retriever,biolink:correlated_with,biolink:BiologicalProcess,biolink:ChemicalEntity
Retriever,biolink:correlated_with,biolink:Gene,biolink:SmallMolecule
Retriever,biolink:correlated_with,biolink:GrossAnatomicalStructure,biolink:OrganismTaxon
Retriever,biolink:correlated_with,biolink:OrganismTaxon,biolink:ChemicalEntity
Retriever,biolink:correlated_with,biolink:Gene,biolink:Procedure
Retriever,biolink:correlated_with,biolink:ChemicalEntity,biolink:InformationContentEntity
Retriever,biolink:correlated_with,biolink:BiologicalProcess,biolink:Procedure
Retriever,biolink:correlated_with,biolink:BiologicalProcess,biolink:InformationContentEntity
Retriever,biolink:correlated_with,biolink:BiologicalProcess,biolink:Activity
Retriever,biolink:correlated_with,biolink:Procedure,biolink:ChemicalEntity
Retriever,biolink:correlated_with,biolink:OrganismTaxon,biolink:Activity
Retriever,biolink:correlated_with,biolink:OrganismTaxon,biolink:MolecularMixture
Retriever,biolink:correlated_with,biolink:BiologicalProcess,biolink:MolecularMixture
Retriever,biolink:correlated_with,biolink:BiologicalProcess,biolink:OrganismTaxon
Retriever,biolink:correlated_with,biolink:Gene,biolink:Gene
Retriever,biolink:occurs_in,biolink:BiologicalProcess,biolink:Cohort
Retriever,biolink:treats_or_applied_or_studied_to_treat,biolink:Activity,biolink:PopulationOfIndividualOrganisms
Retriever,biolink:produces,biolink:AnatomicalEntity,biolink:Drug
Retriever,biolink:disrupts,biolink:ChemicalEntity,biolink:BiologicalProcess
Retriever,biolink:predisposes_to_condition,biolink:Activity,biolink:PhenotypicFeature
Retriever,biolink:coexists_with,biolink:Protein,biolink:Protein
Retriever,biolink:interacts_with,biolink:Drug,biolink:SmallMolecule
Retriever,biolink:interacts_with,biolink:Protein,biolink:Drug
Retriever,biolink:affects,biolink:Protein,biolink:Disease
Retriever,biolink:treats_or_applied_or_studied_to_treat,biolink:Drug,biolink:OrganismTaxon
Retriever,biolink:affects,biolink:Drug,biolink:GrossAnatomicalStructure
Retriever,biolink:located_in,biolink:Drug,biolink:Cell
Retriever,biolink:interacts_with,biolink:Drug,biolink:ChemicalEntity
Retriever,biolink:disrupts,biolink:Drug,biolink:MolecularActivity
Retriever,biolink:disrupts,biolink:Drug,biolink:Cell
Retriever,biolink:has_part,biolink:OrganismTaxon,biolink:ChemicalEntity
Retriever,biolink:coexists_with,biolink:Disease,biolink:InformationContentEntity
Retriever,biolink:coexists_with,biolink:Protein,biolink:Drug
Retriever,biolink:occurs_in,biolink:Disease,biolink:Drug
Retriever,biolink:occurs_in,biolink:Disease,biolink:SmallMolecule
Retriever,biolink:diagnoses,biolink:Publication,biolink:Disease
Retriever,biolink:interacts_with,biolink:ChemicalEntity,biolink:Drug
Retriever,biolink:located_in,biolink:ChemicalEntity,biolink:OrganismTaxon
Retriever,biolink:disrupts,biolink:Drug,biolink:Disease
Retriever,biolink:coexists_with,biolink:ClinicalAttribute,biolink:Disease
Retriever,biolink:causes,biolink:Drug,biolink:PhenotypicFeature
Retriever,biolink:affects,biolink:Polypeptide,biolink:BiologicalProcess
Retriever,biolink:located_in,biolink:Disease,biolink:Cohort
Retriever,biolink:treats_or_applied_or_studied_to_treat,biolink:Procedure,biolink:PopulationOfIndividualOrganisms
Retriever,biolink:occurs_in,biolink:PhenotypicFeature,biolink:PopulationOfIndividualOrganisms
Retriever,biolink:has_input,biolink:Procedure,biolink:Protein
Retriever,biolink:affects,biolink:Activity,biolink:BiologicalProcess
Retriever,biolink:occurs_in,biolink:Behavior,biolink:PopulationOfIndividualOrganisms
Retriever,biolink:coexists_with,biolink:SmallMolecule,biolink:Drug
Retriever,biolink:causes,biolink:Drug,biolink:MolecularActivity
Retriever,biolink:interacts_with,biolink:OrganismTaxon,biolink:OrganismTaxon
Retriever,biolink:coexists_with,biolink:ComplexMolecularMixture,biolink:MolecularMixture
Retriever,biolink:located_in,biolink:Protein,biolink:Cohort
Retriever,biolink:located_in,biolink:Gene,biolink:Cohort
Retriever,biolink:disrupts,biolink:Protein,biolink:BiologicalProcess
Retriever,biolink:treats_or_applied_or_studied_to_treat,biolink:InformationContentEntity,biolink:Disease
Retriever,biolink:has_part,biolink:OrganismTaxon,biolink:Gene
Retriever,biolink:coexists_with,biolink:Drug,biolink:Drug
Retriever,biolink:has_part,biolink:GrossAnatomicalStructure,biolink:Drug
Retriever,biolink:disrupts,biolink:MolecularMixture,biolink:BiologicalProcess
Retriever,biolink:coexists_with,biolink:ChemicalEntity,biolink:Drug
Retriever,biolink:predisposes_to_condition,biolink:Protein,biolink:Disease
Retriever,biolink:located_in,biolink:Drug,biolink:AnatomicalEntity
Retriever,biolink:produces,biolink:Protein,biolink:Protein
Retriever,biolink:located_in,biolink:Protein,biolink:PopulationOfIndividualOrganisms
Retriever,biolink:interacts_with,biolink:MolecularMixture,biolink:SmallMolecule
Retriever,biolink:affects,biolink:Drug,biolink:Polypeptide
Retriever,biolink:predisposes_to_condition,biolink:Drug,biolink:Disease
Retriever,biolink:occurs_in,biolink:Disease,biolink:PopulationOfIndividualOrganisms
Retriever,biolink:affects,biolink:Disease,biolink:PopulationOfIndividualOrganisms
Retriever,biolink:treats_or_applied_or_studied_to_treat,biolink:PhysicalEntity,biolink:Disease
Retriever,biolink:located_in,biolink:OrganismTaxon,biolink:CellularComponent
Retriever,biolink:located_in,biolink:OrganismTaxon,biolink:Cell
Retriever,biolink:produces,biolink:Protein,biolink:ChemicalEntity
Retriever,biolink:affects,biolink:Protein,biolink:ClinicalAttribute
Retriever,biolink:produces,biolink:OrganismTaxon,biolink:Protein
Retriever,biolink:disrupts,biolink:Drug,biolink:BiologicalProcess
Retriever,biolink:precedes,biolink:Disease,biolink:PhenotypicFeature
Retriever,biolink:coexists_with,biolink:Drug,biolink:SmallMolecule
Retriever,biolink:produces,biolink:CellularComponent,biolink:Protein
Retriever,biolink:treats_or_applied_or_studied_to_treat,biolink:Drug,biolink:PopulationOfIndividualOrganisms
Retriever,biolink:treats_or_applied_or_studied_to_treat,biolink:SmallMolecule,biolink:PopulationOfIndividualOrganisms
Retriever,biolink:causes,biolink:Drug,biolink:InformationContentEntity
Retriever,biolink:causes,biolink:SmallMolecule,biolink:InformationContentEntity
Retriever,biolink:treats_or_applied_or_studied_to_treat,biolink:SmallMolecule,biolink:Cohort
Retriever,biolink:has_input,biolink:Procedure,biolink:MolecularMixture
Retriever,biolink:affects,biolink:SmallMolecule,biolink:Activity
Retriever,biolink:located_in,biolink:Drug,biolink:CellularComponent
Retriever,biolink:causes,biolink:Protein,biolink:InformationContentEntity
Retriever,biolink:interacts_with,biolink:NucleicAcidEntity,biolink:ChemicalEntity
Retriever,biolink:located_in,biolink:OrganismTaxon,biolink:AnatomicalEntity
Retriever,biolink:diagnoses,biolink:Publication,biolink:PhenotypicFeature
Retriever,biolink:affects,biolink:Procedure,biolink:BiologicalProcess
Retriever,biolink:treats_or_applied_or_studied_to_treat,biolink:Procedure,biolink:Cohort
Retriever,biolink:located_in,biolink:Drug,biolink:OrganismTaxon
Retriever,biolink:precedes,biolink:Procedure,biolink:Drug
Retriever,biolink:derives_from,biolink:MolecularActivity,biolink:Protein
Retriever,biolink:occurs_in,biolink:Procedure,biolink:Gene
Retriever,biolink:occurs_in,biolink:OrganismTaxon,biolink:PopulationOfIndividualOrganisms
Retriever,biolink:interacts_with,biolink:Gene,biolink:Drug
Retriever,biolink:affects,biolink:Drug,biolink:PhenotypicFeature
Retriever,biolink:affects,biolink:Cell,biolink:Phenomenon
Retriever,biolink:has_part,biolink:Protein,biolink:NucleicAcidEntity
Retriever,biolink:located_in,biolink:Protein,biolink:MolecularMixture
Retriever,biolink:has_part,biolink:Protein,biolink:Drug
Retriever,biolink:has_part,biolink:Gene,biolink:Drug
Retriever,biolink:has_part,biolink:OrganismTaxon,biolink:SmallMolecule
Retriever,biolink:affects,biolink:Protein,biolink:InformationContentEntity
Retriever,biolink:interacts_with,biolink:NucleicAcidEntity,biolink:Protein
Retriever,biolink:has_part,biolink:Cell,biolink:Drug
Retriever,biolink:coexists_with,biolink:InformationContentEntity,biolink:Disease
Retriever,biolink:interacts_with,biolink:Disease,biolink:OrganismTaxon
Retriever,biolink:coexists_with,biolink:MolecularMixture,biolink:ChemicalEntity
Retriever,biolink:affects,biolink:Behavior,biolink:InformationContentEntity
Retriever,biolink:disrupts,biolink:Gene,biolink:BiologicalProcess
Retriever,biolink:interacts_with,biolink:MolecularMixture,biolink:ChemicalEntity
Retriever,biolink:occurs_in,biolink:Disease,biolink:Protein
Retriever,biolink:has_part,biolink:Drug,biolink:NucleicAcidEntity
Retriever,biolink:has_part,biolink:SmallMolecule,biolink:NucleicAcidEntity
Retriever,biolink:located_in,biolink:CellularComponent,biolink:GrossAnatomicalStructure
Retriever,biolink:occurs_in,biolink:BiologicalProcess,biolink:BiologicalEntity
Retriever,biolink:has_input,biolink:MolecularActivity,biolink:Drug
Retriever,biolink:treats_or_applied_or_studied_to_treat,biolink:Activity,biolink:Cohort
Retriever,biolink:treats_or_applied_or_studied_to_treat,biolink:Drug,biolink:Cohort
Retriever,biolink:related_to,biolink:PhenotypicFeature,biolink:MolecularActivity
Retriever,biolink:has_part,biolink:AnatomicalEntity,biolink:Drug
Retriever,biolink:located_in,biolink:Protein,biolink:ChemicalEntity
Retriever,biolink:treats_or_applied_or_studied_to_treat,biolink:Behavior,biolink:Disease
Retriever,biolink:located_in,biolink:Protein,biolink:Drug
Retriever,biolink:occurs_in,biolink:Procedure,biolink:PopulationOfIndividualOrganisms
Retriever,biolink:interacts_with,biolink:MolecularMixture,biolink:ChemicalMixture
Retriever,biolink:interacts_with,biolink:SmallMolecule,biolink:ChemicalMixture
Retriever,biolink:related_to,biolink:BiologicalProcess,biolink:PhenotypicFeature
Retriever,biolink:coexists_with,biolink:MolecularActivity,biolink:BiologicalProcess
Retriever,biolink:interacts_with,biolink:Cell,biolink:Protein
Retriever,biolink:located_in,biolink:Disease,biolink:Publication
Retriever,biolink:affects,biolink:ChemicalEntity,biolink:Drug
Retriever,biolink:causes,biolink:InformationContentEntity,biolink:Disease
Retriever,biolink:affects,biolink:MolecularActivity,biolink:BiologicalProcess
Retriever,biolink:has_part,biolink:CellularComponent,biolink:Drug
Retriever,biolink:occurs_in,biolink:Disease,biolink:PhenotypicFeature
Retriever,biolink:diagnoses,biolink:ClinicalAttribute,biolink:Disease
Retriever,biolink:has_input,biolink:InformationContentEntity,biolink:Drug
Retriever,biolink:has_part,biolink:PopulationOfIndividualOrganisms,biolink:Disease
Retriever,biolink:diagnoses,biolink:Procedure,biolink:OrganismTaxon
Retriever,biolink:has_input,biolink:Procedure,biolink:PhysicalEntity
Retriever,biolink:coexists_with,biolink:OrganismTaxon,biolink:Disease
Retriever,biolink:manifestation_of,biolink:Disease,biolink:InformationContentEntity
Retriever,biolink:interacts_with,biolink:SmallMolecule,biolink:Cell
Retriever,biolink:occurs_in,biolink:Disease,biolink:GrossAnatomicalStructure
Retriever,biolink:predisposes_to_condition,biolink:Disease,biolink:PhenotypicFeature
Retriever,biolink:related_to,biolink:OrganismTaxon,biolink:PhenotypicFeature
Retriever,biolink:exacerbates_condition,biolink:PhenotypicFeature,biolink:Disease
Retriever,biolink:predisposes_to_condition,biolink:PhenotypicFeature,biolink:PhenotypicFeature
Retriever,biolink:interacts_with,biolink:OrganismTaxon,biolink:Protein
Retriever,biolink:derives_from,biolink:ChemicalEntity,biolink:Drug
Retriever,biolink:interacts_with,biolink:ChemicalMixture,biolink:ChemicalEntity
Retriever,biolink:has_part,biolink:AnatomicalEntity,biolink:Publication
Retriever,biolink:located_in,biolink:InformationContentEntity,biolink:AnatomicalEntity
Retriever,biolink:precedes,biolink:PhenotypicFeature,biolink:Disease
Retriever,biolink:affects,biolink:Protein,biolink:PhenotypicFeature
Retriever,biolink:interacts_with,biolink:GenomicEntity,biolink:ChemicalEntity
Retriever,biolink:located_in,biolink:InformationContentEntity,biolink:GrossAnatomicalStructure
Retriever,biolink:coexists_with,biolink:MolecularMixture,biolink:Protein
Retriever,biolink:disrupts,biolink:Protein,biolink:Disease
Retriever,biolink:coexists_with,biolink:BiologicalProcess,biolink:MolecularActivity
Retriever,biolink:affects,biolink:ChemicalEntity,biolink:InformationContentEntity
Retriever,biolink:produces,biolink:Cell,biolink:Drug
Retriever,biolink:affects,biolink:Drug,biolink:ChemicalEntity
Retriever,biolink:has_input,biolink:Device,biolink:ChemicalEntity
Retriever,biolink:occurs_in,biolink:BiologicalProcess,biolink:Drug
Retriever,biolink:affects,biolink:Drug,biolink:AnatomicalEntity
Retriever,biolink:has_part,biolink:OrganismTaxon,biolink:NucleicAcidEntity
Retriever,biolink:affects,biolink:Drug,biolink:Phenomenon
Retriever,biolink:treats_or_applied_or_studied_to_treat,biolink:SmallMolecule,biolink:Cell
Retriever,biolink:causes,biolink:OrganismTaxon,biolink:BiologicalProcess
Retriever,biolink:has_input,biolink:Device,biolink:Drug
Retriever,biolink:interacts_with,biolink:MolecularMixture,biolink:Drug
Retriever,biolink:affects,biolink:Disease,biolink:Cohort
Retriever,biolink:causes,biolink:OrganismTaxon,biolink:PhenotypicFeature
Retriever,biolink:occurs_in,biolink:PhenotypicFeature,biolink:AnatomicalEntity
Retriever,biolink:derives_from,biolink:Drug,biolink:Protein
Retriever,biolink:located_in,biolink:MolecularActivity,biolink:AnatomicalEntity
Retriever,biolink:located_in,biolink:AnatomicalEntity,biolink:Cohort
Retriever,biolink:located_in,biolink:Protein,biolink:PhenotypicFeature
Retriever,biolink:related_to,biolink:PhenotypicFeature,biolink:ClinicalAttribute
Retriever,biolink:affects,biolink:Protein,biolink:DiseaseOrPhenotypicFeature
Retriever,biolink:interacts_with,biolink:OrganismTaxon,biolink:Disease
Retriever,biolink:coexists_with,biolink:Disease,biolink:PopulationOfIndividualOrganisms
Retriever,biolink:treats_or_applied_or_studied_to_treat,biolink:Device,biolink:PopulationOfIndividualOrganisms
Retriever,biolink:causes,biolink:GrossAnatomicalStructure,biolink:PhenotypicFeature
Retriever,biolink:affects,biolink:Drug,biolink:InformationContentEntity
Retriever,biolink:affects,biolink:SmallMolecule,biolink:InformationContentEntity
Retriever,biolink:disrupts,biolink:Drug,biolink:PhenotypicFeature
Retriever,biolink:coexists_with,biolink:Drug,biolink:ComplexMolecularMixture
Retriever,biolink:coexists_with,biolink:SmallMolecule,biolink:ComplexMolecularMixture
Retriever,biolink:predisposes_to_condition,biolink:Disease,biolink:InformationContentEntity
Retriever,biolink:affects,biolink:Activity,biolink:Disease
Retriever,biolink:interacts_with,biolink:Drug,biolink:Cell
Retriever,biolink:affects,biolink:Drug,biolink:MolecularMixture
Retriever,biolink:located_in,biolink:MolecularActivity,biolink:Cell
Retriever,biolink:affects,biolink:MolecularActivity,biolink:Disease
Retriever,biolink:related_to,biolink:BiologicalProcess,biolink:Drug
Retriever,biolink:precedes,biolink:Procedure,biolink:PhenotypicFeature
Retriever,biolink:coexists_with,biolink:InformationContentEntity,biolink:PhenotypicFeature
Retriever,biolink:produces,biolink:Protein,biolink:SmallMolecule
Retriever,biolink:produces,biolink:Protein,biolink:Drug
Retriever,biolink:occurs_in,biolink:MolecularActivity,biolink:PhenotypicFeature
Retriever,biolink:interacts_with,biolink:Protein,biolink:NucleicAcidEntity
Retriever,biolink:predisposes_to_condition,biolink:Protein,biolink:PhenotypicFeature
Retriever,biolink:has_input,biolink:Device,biolink:PhysicalEntity
Retriever,biolink:derives_from,biolink:Drug,biolink:Drug
Retriever,biolink:derives_from,biolink:Drug,biolink:SmallMolecule
Retriever,biolink:derives_from,biolink:SmallMolecule,biolink:Drug
Retriever,biolink:located_in,biolink:Gene,biolink:PopulationOfIndividualOrganisms
Retriever,biolink:interacts_with,biolink:PhenotypicFeature,biolink:OrganismTaxon
Retriever,biolink:treats_or_applied_or_studied_to_treat,biolink:ChemicalEntity,biolink:PopulationOfIndividualOrganisms
Retriever,biolink:causes,biolink:Drug,biolink:BiologicalProcess
Retriever,biolink:has_part,biolink:Disease,biolink:Protein
Retriever,biolink:disrupts,biolink:Protein,biolink:InformationContentEntity
Retriever,biolink:affects,biolink:MolecularMixture,biolink:Phenomenon
Retriever,biolink:treats_or_applied_or_studied_to_treat,biolink:Protein,biolink:Cohort
Retriever,biolink:coexists_with,biolink:Behavior,biolink:PhenotypicFeature
Retriever,biolink:disrupts,biolink:Protein,biolink:Cell
Retriever,biolink:interacts_with,biolink:ChemicalEntity,biolink:MolecularMixture
Retriever,biolink:coexists_with,biolink:BiologicalProcess,biolink:Disease
Retriever,biolink:treats_or_applied_or_studied_to_treat,biolink:PhysicalEntity,biolink:PopulationOfIndividualOrganisms
Retriever,biolink:located_in,biolink:GrossAnatomicalStructure,biolink:InformationContentEntity
Retriever,biolink:derives_from,biolink:MolecularMixture,biolink:Protein
Retriever,biolink:has_part,biolink:Drug,biolink:SmallMolecule
Retriever,biolink:has_part,biolink:SmallMolecule,biolink:Drug
Retriever,biolink:produces,biolink:OrganismTaxon,biolink:Drug
Retriever,biolink:produces,biolink:OrganismTaxon,biolink:SmallMolecule
Retriever,biolink:precedes,biolink:Procedure,biolink:Activity
Retriever,biolink:coexists_with,biolink:MolecularMixture,biolink:Drug
Retriever,biolink:coexists_with,biolink:MolecularMixture,biolink:SmallMolecule
Retriever,biolink:related_to,biolink:PhenotypicFeature,biolink:OrganismTaxon
Retriever,biolink:located_in,biolink:Activity,biolink:AnatomicalEntity
Retriever,biolink:interacts_with,biolink:Protein,biolink:OrganismTaxon
Retriever,biolink:occurs_in,biolink:BiologicalProcess,biolink:PopulationOfIndividualOrganisms
Retriever,biolink:treats_or_applied_or_studied_to_treat,biolink:ComplexMolecularMixture,biolink:PopulationOfIndividualOrganisms
Retriever,biolink:coexists_with,biolink:Drug,biolink:MolecularActivity
Retriever,biolink:coexists_with,biolink:SmallMolecule,biolink:MolecularActivity
Retriever,biolink:affects,biolink:Drug,biolink:Cell
Retriever,biolink:located_in,biolink:Procedure,biolink:OrganismTaxon
Retriever,biolink:located_in,biolink:ChemicalEntity,biolink:PhenotypicFeature
Retriever,biolink:affects,biolink:MolecularMixture,biolink:Drug
Retriever,biolink:produces,biolink:SmallMolecule,biolink:AnatomicalEntity
Retriever,biolink:interacts_with,biolink:Drug,biolink:MolecularMixture
Retriever,biolink:interacts_with,biolink:SmallMolecule,biolink:MolecularMixture
Retriever,biolink:coexists_with,biolink:BiologicalProcess,biolink:InformationContentEntity
Retriever,biolink:coexists_with,biolink:Drug,biolink:ChemicalMixture
Retriever,biolink:coexists_with,biolink:SmallMolecule,biolink:ChemicalMixture
Retriever,biolink:occurs_in,biolink:PhenotypicFeature,biolink:OrganismTaxon
Retriever,biolink:coexists_with,biolink:Gene,biolink:Drug
Retriever,biolink:interacts_with,biolink:OrganismTaxon,biolink:ChemicalEntity
Retriever,biolink:disrupts,biolink:Drug,biolink:GrossAnatomicalStructure
Retriever,biolink:has_input,biolink:Procedure,biolink:ComplexMolecularMixture
Retriever,biolink:treats_or_applied_or_studied_to_treat,biolink:SmallMolecule,biolink:OrganismTaxon
Retriever,biolink:affects,biolink:MolecularActivity,biolink:Protein
Retriever,biolink:produces,biolink:PhenotypicFeature,biolink:Protein
Retriever,biolink:occurs_in,biolink:Disease,biolink:Gene
Retriever,biolink:produces,biolink:OrganismTaxon,biolink:ChemicalEntity
Retriever,biolink:coexists_with,biolink:Disease,biolink:OrganismTaxon
Retriever,biolink:predisposes_to_condition,biolink:Drug,biolink:PhenotypicFeature
Retriever,biolink:has_input,biolink:PopulationOfIndividualOrganisms,biolink:Device
Retriever,biolink:affects,biolink:Protein,biolink:Phenomenon
Retriever,biolink:located_in,biolink:Activity,biolink:GrossAnatomicalStructure
Retriever,biolink:coexists_with,biolink:OrganismTaxon,biolink:PhenotypicFeature
Retriever,biolink:precedes,biolink:Procedure,biolink:ClinicalAttribute
Retriever,biolink:located_in,biolink:NucleicAcidEntity,biolink:PopulationOfIndividualOrganisms
Retriever,biolink:affects,biolink:MolecularActivity,biolink:MolecularActivity
Retriever,biolink:treats_or_applied_or_studied_to_treat,biolink:Publication,biolink:Disease
Retriever,biolink:affects,biolink:InformationContentEntity,biolink:ChemicalEntity
Retriever,biolink:related_to,biolink:Phenomenon,biolink:Disease
Retriever,biolink:has_part,biolink:CellularComponent,biolink:Disease
Retriever,biolink:has_input,biolink:Device,biolink:Protein
Retriever,biolink:affects,biolink:InformationContentEntity,biolink:GrossAnatomicalStructure
Retriever,biolink:affects,biolink:InformationContentEntity,biolink:Behavior
Retriever,biolink:located_in,biolink:SmallMolecule,biolink:ChemicalEntity
Retriever,biolink:occurs_in,biolink:MolecularActivity,biolink:PopulationOfIndividualOrganisms
Retriever,biolink:coexists_with,biolink:OrganismTaxon,biolink:OrganismTaxon
Retriever,biolink:affects,biolink:Protein,biolink:BiologicalEntity
Retriever,biolink:located_in,biolink:NucleicAcidEntity,biolink:OrganismTaxon
Retriever,biolink:treats_or_applied_or_studied_to_treat,biolink:Protein,biolink:Cell
Retriever,biolink:located_in,biolink:AnatomicalEntity,biolink:Publication
Retriever,biolink:occurs_in,biolink:InformationContentEntity,biolink:Cohort
Retriever,biolink:affects,biolink:Drug,biolink:ClinicalAttribute
Retriever,biolink:affects,biolink:SmallMolecule,biolink:ClinicalAttribute
Retriever,biolink:located_in,biolink:SmallMolecule,biolink:PopulationOfIndividualOrganisms
Retriever,biolink:located_in,biolink:Procedure,biolink:Agent
Retriever,biolink:treats_or_applied_or_studied_to_treat,biolink:Procedure,biolink:OrganismTaxon
Retriever,biolink:disrupts,biolink:Protein,biolink:PhenotypicFeature
Retriever,biolink:coexists_with,biolink:PhenotypicFeature,biolink:InformationContentEntity
Retriever,biolink:affects,biolink:BiologicalProcess,biolink:Phenomenon
Retriever,biolink:interacts_with,biolink:Cohort,biolink:PopulationOfIndividualOrganisms
Retriever,biolink:affects,biolink:Procedure,biolink:InformationContentEntity
Retriever,biolink:disrupts,biolink:Drug,biolink:CellularComponent
Retriever,biolink:located_in,biolink:OrganismTaxon,biolink:OrganismTaxon
Retriever,biolink:located_in,biolink:Drug,biolink:Cohort
Retriever,biolink:located_in,biolink:SmallMolecule,biolink:Cohort
Retriever,biolink:affects,biolink:MolecularActivity,biolink:CellularComponent
Retriever,biolink:located_in,biolink:Disease,biolink:InformationContentEntity
Retriever,biolink:occurs_in,biolink:Procedure,biolink:Protein
Retriever,biolink:interacts_with,biolink:Protein,biolink:Phenomenon
Retriever,biolink:located_in,biolink:ComplexMolecularMixture,biolink:GrossAnatomicalStructure
Retriever,biolink:treats_or_applied_or_studied_to_treat,biolink:MolecularActivity,biolink:Disease
Retriever,biolink:manifestation_of,biolink:PhenotypicFeature,biolink:GrossAnatomicalStructure
Retriever,biolink:causes,biolink:GenomicEntity,biolink:Disease
Retriever,biolink:located_in,biolink:ChemicalEntity,biolink:ChemicalEntity
Retriever,biolink:has_part,biolink:Drug,biolink:Protein
Retriever,biolink:located_in,biolink:OrganismTaxon,biolink:Disease
Retriever,biolink:located_in,biolink:InformationContentEntity,biolink:Cell
Retriever,biolink:precedes,biolink:PhenotypicFeature,biolink:PhenotypicFeature
Retriever,biolink:manifestation_of,biolink:Disease,biolink:BiologicalProcess
Retriever,biolink:affects,biolink:Procedure,biolink:Activity
Retriever,biolink:located_in,biolink:AnatomicalEntity,biolink:PopulationOfIndividualOrganisms
Retriever,biolink:causes,biolink:MolecularMixture,biolink:BiologicalProcess
Retriever,biolink:produces,biolink:Protein,biolink:AnatomicalEntity
Retriever,biolink:has_input,biolink:Activity,biolink:Drug
Retriever,biolink:located_in,biolink:Publication,biolink:GrossAnatomicalStructure
Retriever,biolink:coexists_with,biolink:Disease,biolink:Cohort
Retriever,biolink:located_in,biolink:GenomicEntity,biolink:PopulationOfIndividualOrganisms
Retriever,biolink:coexists_with,biolink:Protein,biolink:MolecularMixture
Retriever,biolink:predisposes_to_condition,biolink:Behavior,biolink:PhenotypicFeature
Retriever,biolink:disrupts,biolink:Polypeptide,biolink:BiologicalProcess
Retriever,biolink:disrupts,biolink:Protein,biolink:Phenomenon
Retriever,biolink:causes,biolink:ChemicalEntity,biolink:InformationContentEntity
Retriever,biolink:affects,biolink:Procedure,biolink:PhenotypicFeature
Retriever,biolink:treats_or_applied_or_studied_to_treat,biolink:ChemicalEntity,biolink:Cell
Retriever,biolink:coexists_with,biolink:SmallMolecule,biolink:MolecularMixture
Retriever,biolink:treats_or_applied_or_studied_to_treat,biolink:Procedure,biolink:ClinicalAttribute
Retriever,biolink:coexists_with,biolink:Drug,biolink:Gene
Retriever,biolink:produces,biolink:SmallMolecule,biolink:Protein
Retriever,biolink:located_in,biolink:Drug,biolink:ChemicalEntity
Retriever,biolink:related_to,biolink:Phenomenon,biolink:ChemicalEntity
Retriever,biolink:located_in,biolink:Protein,biolink:Human
Retriever,biolink:has_part,biolink:OrganismTaxon,biolink:MolecularMixture
Retriever,biolink:treats_or_applied_or_studied_to_treat,biolink:Publication,biolink:PhenotypicFeature
Retriever,biolink:coexists_with,biolink:MolecularMixture,biolink:Gene
Retriever,biolink:occurs_in,biolink:MolecularActivity,biolink:Disease
Retriever,biolink:located_in,biolink:Drug,biolink:PopulationOfIndividualOrganisms
Retriever,biolink:has_part,biolink:OrganismTaxon,biolink:Polypeptide
Retriever,biolink:has_part,biolink:PopulationOfIndividualOrganisms,biolink:GrossAnatomicalStructure
Retriever,biolink:has_part,biolink:GenomicEntity,biolink:ChemicalEntity
Retriever,biolink:occurs_in,biolink:PhenotypicFeature,biolink:BiologicalEntity
Retriever,biolink:produces,biolink:SmallMolecule,biolink:SmallMolecule
Retriever,biolink:affects,biolink:MolecularMixture,biolink:Cell
Retriever,biolink:affects,biolink:MolecularActivity,biolink:Cell
Retriever,biolink:interacts_with,biolink:Protein,biolink:GenomicEntity
Retriever,biolink:interacts_with,biolink:Gene,biolink:GenomicEntity
Retriever,biolink:coexists_with,biolink:Drug,biolink:MolecularMixture
Retriever,biolink:produces,biolink:Drug,biolink:SmallMolecule
Retriever,biolink:interacts_with,biolink:ChemicalEntity,biolink:PhenotypicFeature
Retriever,biolink:affects,biolink:PhenotypicFeature,biolink:Behavior
Retriever,biolink:affects,biolink:Procedure,biolink:Behavior
Retriever,biolink:treats_or_applied_or_studied_to_treat,biolink:Drug,biolink:Cell
Retriever,biolink:has_part,biolink:Gene,biolink:NucleicAcidEntity
Retriever,biolink:located_in,biolink:ClinicalAttribute,biolink:AnatomicalEntity
Retriever,biolink:diagnoses,biolink:Activity,biolink:PhenotypicFeature
Retriever,biolink:related_to,biolink:ClinicalAttribute,biolink:Disease
Retriever,biolink:has_input,biolink:Activity,biolink:Procedure
Retriever,biolink:has_part,biolink:OrganismTaxon,biolink:Drug
Retriever,biolink:treats_or_applied_or_studied_to_treat,biolink:Gene,biolink:Cohort
Retriever,biolink:has_input,biolink:Activity,biolink:ChemicalEntity
Retriever,biolink:coexists_with,biolink:Protein,biolink:CellularComponent
Retriever,biolink:coexists_with,biolink:Gene,biolink:CellularComponent
Retriever,biolink:coexists_with,biolink:ChemicalEntity,biolink:MolecularMixture
Retriever,biolink:interacts_with,biolink:Cell,biolink:Drug
Retriever,biolink:interacts_with,biolink:Cell,biolink:SmallMolecule
Retriever,biolink:coexists_with,biolink:Protein,biolink:ComplexMolecularMixture
Retriever,biolink:located_in,biolink:SmallMolecule,biolink:Human
Retriever,biolink:located_in,biolink:MolecularActivity,biolink:OrganismTaxon
Retriever,biolink:coexists_with,biolink:BiologicalProcess,biolink:Phenomenon
Retriever,biolink:affects,biolink:PhenotypicFeature,biolink:InformationContentEntity
Retriever,biolink:disrupts,biolink:Procedure,biolink:PhenotypicFeature
Retriever,biolink:treats_or_applied_or_studied_to_treat,biolink:Device,biolink:GrossAnatomicalStructure
Retriever,biolink:occurs_in,biolink:PhenotypicFeature,biolink:GrossAnatomicalStructure
Retriever,biolink:causes,biolink:Protein,biolink:Phenomenon
Retriever,biolink:disrupts,biolink:Polypeptide,biolink:InformationContentEntity
Retriever,biolink:occurs_in,biolink:PhenotypicFeature,biolink:Disease
Retriever,biolink:related_to,biolink:GenomicEntity,biolink:Disease
Retriever,biolink:affects,biolink:PhenotypicFeature,biolink:PopulationOfIndividualOrganisms
Retriever,biolink:related_to,biolink:InformationContentEntity,biolink:Disease
Retriever,biolink:produces,biolink:Gene,biolink:NucleicAcidEntity
Retriever,biolink:precedes,biolink:Procedure,biolink:Publication
Retriever,biolink:diagnoses,biolink:Activity,biolink:Disease
Retriever,biolink:produces,biolink:MolecularActivity,biolink:Drug
Retriever,biolink:produces,biolink:MolecularActivity,biolink:SmallMolecule
Retriever,biolink:interacts_with,biolink:SmallMolecule,biolink:PhenotypicFeature
Retriever,biolink:coexists_with,biolink:ComplexMolecularMixture,biolink:Protein
Retriever,biolink:coexists_with,biolink:ComplexMolecularMixture,biolink:Gene
Retriever,biolink:located_in,biolink:Drug,biolink:PhenotypicFeature
Retriever,biolink:located_in,biolink:SmallMolecule,biolink:PhenotypicFeature
Retriever,biolink:occurs_in,biolink:Phenomenon,biolink:PopulationOfIndividualOrganisms
Retriever,biolink:affects,biolink:GrossAnatomicalStructure,biolink:Disease
Retriever,biolink:causes,biolink:ChemicalMixture,biolink:PhenotypicFeature
Retriever,biolink:disrupts,biolink:PhenotypicFeature,biolink:GrossAnatomicalStructure
Retriever,biolink:located_in,biolink:ClinicalAttribute,biolink:GrossAnatomicalStructure
Retriever,biolink:has_part,biolink:PhenotypicFeature,biolink:GrossAnatomicalStructure
Retriever,biolink:coexists_with,biolink:ComplexMolecularMixture,biolink:ChemicalEntity
Retriever,biolink:affects,biolink:NucleicAcidEntity,biolink:BiologicalProcess
Retriever,biolink:has_input,biolink:PhysicalEntity,biolink:ChemicalEntity
Retriever,biolink:affects,biolink:Behavior,biolink:PhenotypicFeature
Retriever,biolink:derives_from,biolink:ChemicalMixture,biolink:Drug
Retriever,biolink:derives_from,biolink:ChemicalMixture,biolink:SmallMolecule
Retriever,biolink:interacts_with,biolink:ChemicalMixture,biolink:SmallMolecule
Retriever,biolink:treats_or_applied_or_studied_to_treat,biolink:ChemicalEntity,biolink:Cohort
Retriever,biolink:interacts_with,biolink:Drug,biolink:OrganismTaxon
Retriever,biolink:diagnoses,biolink:InformationContentEntity,biolink:Disease
Retriever,biolink:located_in,biolink:GenomicEntity,biolink:Cell
Retriever,biolink:close_match,biolink:Drug,biolink:Drug
Retriever,biolink:close_match,biolink:Drug,biolink:SmallMolecule
Retriever,biolink:close_match,biolink:SmallMolecule,biolink:Drug
Retriever,biolink:affects,biolink:Publication,biolink:Protein
Retriever,biolink:affects,biolink:Publication,biolink:Gene
Retriever,biolink:produces,biolink:AnatomicalEntity,biolink:Gene
Retriever,biolink:manifestation_of,biolink:Disease,biolink:PhenotypicFeature
Retriever,biolink:has_part,biolink:GrossAnatomicalStructure,biolink:InformationContentEntity
Retriever,biolink:occurs_in,biolink:Disease,biolink:AnatomicalEntity
Retriever,biolink:has_part,biolink:Disease,biolink:Drug
Retriever,biolink:has_part,biolink:Disease,biolink:SmallMolecule
Retriever,biolink:has_part,biolink:GrossAnatomicalStructure,biolink:MolecularMixture
Retriever,biolink:affects,biolink:ChemicalEntity,biolink:Activity
Retriever,biolink:coexists_with,biolink:ChemicalEntity,biolink:ComplexMolecularMixture
Retriever,biolink:coexists_with,biolink:Phenomenon,biolink:Disease
Retriever,biolink:has_input,biolink:InformationContentEntity,biolink:ChemicalEntity
Retriever,biolink:affects,biolink:Gene,biolink:InformationContentEntity
Retriever,biolink:occurs_in,biolink:Activity,biolink:Protein
Retriever,biolink:affects,biolink:Activity,biolink:PhenotypicFeature
Retriever,biolink:located_in,biolink:Publication,biolink:AnatomicalEntity
Retriever,biolink:affects,biolink:Phenomenon,biolink:PhenotypicFeature
Retriever,biolink:located_in,biolink:GenomicEntity,biolink:OrganismTaxon
Retriever,biolink:has_part,biolink:InformationContentEntity,biolink:GrossAnatomicalStructure
Retriever,biolink:close_match,biolink:Drug,biolink:Protein
Retriever,biolink:related_to,biolink:Activity,biolink:Disease
Retriever,biolink:affects,biolink:InformationContentEntity,biolink:PhenotypicFeature
Retriever,biolink:treats_or_applied_or_studied_to_treat,biolink:Gene,biolink:Cell
Retriever,biolink:occurs_in,biolink:OrganismTaxon,biolink:Cohort
Retriever,biolink:has_input,biolink:PhysicalEntity,biolink:Device
Retriever,biolink:treats_or_applied_or_studied_to_treat,biolink:Device,biolink:Cohort
Retriever,biolink:located_in,biolink:ChemicalEntity,biolink:PopulationOfIndividualOrganisms
Retriever,biolink:interacts_with,biolink:MolecularActivity,biolink:ChemicalEntity
Retriever,biolink:diagnoses,biolink:Procedure,biolink:Procedure
Retriever,biolink:causes,biolink:Phenomenon,biolink:MolecularActivity
Retriever,biolink:located_in,biolink:Publication,biolink:Cell
Retriever,biolink:located_in,biolink:PhenotypicFeature,biolink:Cell
Retriever,biolink:diagnoses,biolink:PopulationOfIndividualOrganisms,biolink:Disease
Retriever,biolink:has_input,biolink:PhysicalEntity,biolink:PhysicalEntity
Retriever,biolink:affects,biolink:InformationContentEntity,biolink:Disease
Retriever,biolink:treats_or_applied_or_studied_to_treat,biolink:Protein,biolink:OrganismTaxon
Retriever,biolink:treats_or_applied_or_studied_to_treat,biolink:InformationContentEntity,biolink:PhenotypicFeature
Retriever,biolink:located_in,biolink:GenomicEntity,biolink:GrossAnatomicalStructure
Retriever,biolink:interacts_with,biolink:ChemicalEntity,biolink:NucleicAcidEntity
Retriever,biolink:occurs_in,biolink:Disease,biolink:ChemicalEntity
Retriever,biolink:affects,biolink:Protein,biolink:Activity
Retriever,biolink:produces,biolink:Protein,biolink:Gene
Retriever,biolink:has_input,biolink:Cohort,biolink:Device
Retriever,biolink:affects,biolink:PhenotypicFeature,biolink:Activity
Retriever,biolink:has_part,biolink:Protein,biolink:Polypeptide
Retriever,biolink:has_part,biolink:CellularComponent,biolink:PhenotypicFeature
Retriever,biolink:related_to,biolink:Phenomenon,biolink:Drug
Retriever,biolink:related_to,biolink:Phenomenon,biolink:SmallMolecule
Retriever,biolink:affects,biolink:Phenomenon,biolink:OrganismTaxon
Retriever,biolink:treats_or_applied_or_studied_to_treat,biolink:ChemicalEntity,biolink:OrganismTaxon
Retriever,biolink:coexists_with,biolink:AnatomicalEntity,biolink:Disease
Retriever,biolink:produces,biolink:Gene,biolink:Drug
Retriever,biolink:produces,biolink:MolecularMixture,biolink:MolecularMixture
Retriever,biolink:has_part,biolink:GrossAnatomicalStructure,biolink:PhenotypicFeature
Retriever,biolink:precedes,biolink:Procedure,biolink:InformationContentEntity
Retriever,biolink:has_part,biolink:Human,biolink:GrossAnatomicalStructure
Retriever,biolink:coexists_with,biolink:Activity,biolink:InformationContentEntity
Retriever,biolink:disrupts,biolink:Protein,biolink:AnatomicalEntity
Retriever,biolink:produces,biolink:PhenotypicFeature,biolink:SmallMolecule
Retriever,biolink:derives_from,biolink:MolecularMixture,biolink:Drug
Retriever,biolink:affects,biolink:MolecularMixture,biolink:Disease
Retriever,biolink:located_in,biolink:MolecularMixture,biolink:ChemicalEntity
Retriever,biolink:affects,biolink:Behavior,biolink:OrganismTaxon
Retriever,biolink:disrupts,biolink:Drug,biolink:Phenomenon
Retriever,biolink:treats_or_applied_or_studied_to_treat,biolink:Procedure,biolink:GrossAnatomicalStructure
Retriever,biolink:affects,biolink:Behavior,biolink:BiologicalProcess
Retriever,biolink:treats_or_applied_or_studied_to_treat,biolink:Drug,biolink:InformationContentEntity
Retriever,biolink:treats_or_applied_or_studied_to_treat,biolink:SmallMolecule,biolink:InformationContentEntity
Retriever,biolink:treats_or_applied_or_studied_to_treat,biolink:Polypeptide,biolink:Cell
Retriever,biolink:has_part,biolink:GrossAnatomicalStructure,biolink:Publication
Retriever,biolink:disrupts,biolink:MolecularMixture,biolink:PhenotypicFeature
Retriever,biolink:treats_or_applied_or_studied_to_treat,biolink:MolecularMixture,biolink:Cell
Retriever,biolink:coexists_with,biolink:NucleicAcidEntity,biolink:Drug
Retriever,biolink:causes,biolink:ComplexMolecularMixture,biolink:Disease
Retriever,biolink:produces,biolink:OrganismTaxon,biolink:Gene
Retriever,biolink:has_part,biolink:Disease,biolink:GenomicEntity
Retriever,biolink:affects,biolink:MolecularMixture,biolink:PhenotypicFeature
Retriever,biolink:disrupts,biolink:Protein,biolink:CellularComponent
Retriever,biolink:disrupts,biolink:SmallMolecule,biolink:Activity
Retriever,biolink:produces,biolink:Drug,biolink:Drug
Retriever,biolink:produces,biolink:SmallMolecule,biolink:Drug
Retriever,biolink:disrupts,biolink:Drug,biolink:InformationContentEntity
Retriever,biolink:disrupts,biolink:SmallMolecule,biolink:InformationContentEntity
Retriever,biolink:coexists_with,biolink:PhenotypicFeature,biolink:OrganismTaxon
Retriever,biolink:occurs_in,biolink:Activity,biolink:PopulationOfIndividualOrganisms
Retriever,biolink:has_input,biolink:PhenotypicFeature,biolink:Drug
Retriever,biolink:has_input,biolink:PhenotypicFeature,biolink:SmallMolecule
Retriever,biolink:affects,biolink:InformationContentEntity,biolink:BiologicalProcess
Retriever,biolink:affects,biolink:PhenotypicFeature,biolink:Cohort
Retriever,biolink:occurs_in,biolink:MolecularActivity,biolink:Protein
Retriever,biolink:treats_or_applied_or_studied_to_treat,biolink:ChemicalEntity,biolink:GrossAnatomicalStructure
Retriever,biolink:predisposes_to_condition,biolink:ComplexMolecularMixture,biolink:Disease
Retriever,biolink:treats_or_applied_or_studied_to_treat,biolink:ComplexMolecularMixture,biolink:Human
Retriever,biolink:affects,biolink:PhenotypicFeature,biolink:Phenomenon
Retriever,biolink:affects,biolink:InformationContentEntity,biolink:Phenomenon
Retriever,biolink:interacts_with,biolink:SmallMolecule,biolink:Phenomenon
Retriever,biolink:interacts_with,biolink:ChemicalMixture,biolink:Drug
Retriever,biolink:coexists_with,biolink:Disease,biolink:ClinicalAttribute
Retriever,biolink:affects,biolink:Cell,biolink:Activity
Retriever,biolink:predisposes_to_condition,biolink:InformationContentEntity,biolink:Disease
Retriever,biolink:interacts_with,biolink:Drug,biolink:Phenomenon
Retriever,biolink:has_input,biolink:Procedure,biolink:GenomicEntity
Retriever,biolink:affects,biolink:Disease,biolink:InformationContentEntity
Retriever,biolink:treats_or_applied_or_studied_to_treat,biolink:Drug,biolink:Human
Retriever,biolink:treats_or_applied_or_studied_to_treat,biolink:SmallMolecule,biolink:Human
Retriever,biolink:interacts_with,biolink:Agent,biolink:Cohort
Retriever,biolink:has_input,biolink:PhenotypicFeature,biolink:ChemicalEntity
Retriever,biolink:coexists_with,biolink:GenomicEntity,biolink:Gene
Retriever,biolink:affects,biolink:Drug,biolink:Activity
Retriever,biolink:has_part,biolink:PopulationOfIndividualOrganisms,biolink:AnatomicalEntity
Retriever,biolink:causes,biolink:Device,biolink:InformationContentEntity
Retriever,biolink:interacts_with,biolink:PhysicalEntity,biolink:SmallMolecule
Retriever,biolink:has_part,biolink:Cell,biolink:Cell
Retriever,biolink:interacts_with,biolink:GenomicEntity,biolink:Protein
Retriever,biolink:coexists_with,biolink:PhenotypicFeature,biolink:Behavior
Retriever,biolink:affects,biolink:Disease,biolink:Agent
Retriever,biolink:produces,biolink:Drug,biolink:ChemicalEntity
Retriever,biolink:has_part,biolink:CellularComponent,biolink:MolecularMixture
Retriever,biolink:precedes,biolink:Activity,biolink:Procedure
Retriever,biolink:has_input,biolink:Agent,biolink:Device
Retriever,biolink:affects,biolink:Phenomenon,biolink:Behavior
Retriever,biolink:has_part,biolink:OrganismTaxon,biolink:Disease
Retriever,biolink:coexists_with,biolink:Activity,biolink:Disease
Retriever,biolink:coexists_with,biolink:Drug,biolink:NucleicAcidEntity
Retriever,biolink:interacts_with,biolink:OrganismTaxon,biolink:Cell
Retriever,biolink:interacts_with,biolink:ComplexMolecularMixture,biolink:ChemicalEntity
Retriever,biolink:causes,biolink:NucleicAcidEntity,biolink:BiologicalProcess
Retriever,biolink:produces,biolink:Disease,biolink:Drug
Retriever,biolink:located_in,biolink:PhenotypicFeature,biolink:Cohort
Retriever,biolink:affects,biolink:Phenomenon,biolink:Cohort
Retriever,biolink:predisposes_to_condition,biolink:GenomicEntity,biolink:Disease
Retriever,biolink:diagnoses,biolink:Device,biolink:OrganismTaxon
Retriever,biolink:precedes,biolink:Disease,biolink:MolecularActivity
Retriever,biolink:interacts_with,biolink:ChemicalMixture,biolink:MolecularMixture
Retriever,biolink:coexists_with,biolink:Protein,biolink:GenomicEntity
Retriever,biolink:has_part,biolink:PhenotypicFeature,biolink:Protein
Retriever,biolink:located_in,biolink:PhenotypicFeature,biolink:PopulationOfIndividualOrganisms
Retriever,biolink:located_in,biolink:Gene,biolink:PhenotypicFeature
Retriever,biolink:interacts_with,biolink:Drug,biolink:ChemicalMixture
Retriever,biolink:located_in,biolink:ChemicalEntity,biolink:Cohort
Retriever,biolink:has_input,biolink:Activity,biolink:Protein
Retriever,biolink:located_in,biolink:Behavior,biolink:GrossAnatomicalStructure
Retriever,biolink:coexists_with,biolink:GrossAnatomicalStructure,biolink:PhenotypicFeature
Retriever,biolink:located_in,biolink:MolecularMixture,biolink:OrganismTaxon
Retriever,biolink:has_part,biolink:Drug,biolink:ChemicalEntity
Retriever,biolink:disrupts,biolink:MolecularMixture,biolink:MolecularActivity
Retriever,biolink:located_in,biolink:PhenotypicFeature,biolink:CellularComponent
Retriever,biolink:disrupts,biolink:Gene,biolink:OrganismTaxon
Retriever,biolink:located_in,biolink:GenomicEntity,biolink:AnatomicalEntity
Retriever,biolink:treats_or_applied_or_studied_to_treat,biolink:Procedure,biolink:InformationContentEntity
Retriever,biolink:coexists_with,biolink:MolecularActivity,biolink:PhenotypicFeature
Retriever,biolink:occurs_in,biolink:Disease,biolink:Agent
Retriever,biolink:has_part,biolink:GrossAnatomicalStructure,biolink:ComplexMolecularMixture
Retriever,biolink:has_part,biolink:ChemicalEntity,biolink:Drug
Retriever,biolink:coexists_with,biolink:ChemicalEntity,biolink:MolecularActivity
Retriever,biolink:affects,biolink:GrossAnatomicalStructure,biolink:PhenotypicFeature
Retriever,biolink:located_in,biolink:GenomicEntity,biolink:Cohort
Retriever,biolink:causes,biolink:Disease,biolink:Phenomenon
Retriever,biolink:diagnoses,biolink:Procedure,biolink:Activity
Retriever,biolink:interacts_with,biolink:Gene,biolink:Phenomenon
Retriever,biolink:causes,biolink:Disease,biolink:InformationContentEntity
Retriever,biolink:occurs_in,biolink:Phenomenon,biolink:PhenotypicFeature
Retriever,biolink:has_part,biolink:OrganismTaxon,biolink:GenomicEntity
Retriever,biolink:interacts_with,biolink:Drug,biolink:PhenotypicFeature
Retriever,biolink:produces,biolink:GrossAnatomicalStructure,biolink:Drug
Retriever,biolink:derives_from,biolink:Drug,biolink:ChemicalEntity
Retriever,biolink:predisposes_to_condition,biolink:InformationContentEntity,biolink:ClinicalAttribute
Retriever,biolink:coexists_with,biolink:GenomicEntity,biolink:Protein
Retriever,biolink:affects,biolink:MolecularActivity,biolink:Phenomenon
Retriever,biolink:coexists_with,biolink:PhenotypicFeature,biolink:ClinicalAttribute
Retriever,biolink:causes,biolink:InformationContentEntity,biolink:PhenotypicFeature
Retriever,biolink:located_in,biolink:Drug,biolink:InformationContentEntity
Retriever,biolink:located_in,biolink:SmallMolecule,biolink:InformationContentEntity
Retriever,biolink:has_part,biolink:AnatomicalEntity,biolink:InformationContentEntity
Retriever,biolink:causes,biolink:PhysicalEntity,biolink:Disease
Retriever,biolink:affects,biolink:Drug,biolink:Behavior
Retriever,biolink:affects,biolink:SmallMolecule,biolink:Behavior
Retriever,biolink:interacts_with,biolink:ChemicalEntity,biolink:ChemicalMixture
Retriever,biolink:has_part,biolink:Human,biolink:CellularComponent
Retriever,biolink:located_in,biolink:MolecularActivity,biolink:GrossAnatomicalStructure
Retriever,biolink:located_in,biolink:ChemicalEntity,biolink:Human
Retriever,biolink:interacts_with,biolink:OrganismTaxon,biolink:Gene
Retriever,biolink:produces,biolink:Protein,biolink:GenomicEntity
Retriever,biolink:has_input,biolink:Activity,biolink:SmallMolecule
Retriever,biolink:interacts_with,biolink:PhenotypicFeature,biolink:SmallMolecule
Retriever,biolink:precedes,biolink:Procedure,biolink:Protein
Retriever,biolink:affects,biolink:Polypeptide,biolink:Drug
Retriever,biolink:occurs_in,biolink:Behavior,biolink:PhenotypicFeature
Retriever,biolink:has_part,biolink:Cell,biolink:MolecularMixture
Retriever,biolink:occurs_in,biolink:Phenomenon,biolink:Protein
Retriever,biolink:occurs_in,biolink:Phenomenon,biolink:Gene
Retriever,biolink:related_to,biolink:InformationContentEntity,biolink:PhenotypicFeature
Retriever,biolink:causes,biolink:MolecularMixture,biolink:InformationContentEntity
Retriever,biolink:located_in,biolink:GenomicEntity,biolink:CellularComponent
Retriever,biolink:disrupts,biolink:InformationContentEntity,biolink:Phenomenon
Retriever,biolink:affects,biolink:MolecularActivity,biolink:Drug
Retriever,biolink:interacts_with,biolink:Drug,biolink:Polypeptide
Retriever,biolink:produces,biolink:Cell,biolink:MolecularMixture
Retriever,biolink:affects,biolink:MolecularMixture,biolink:GrossAnatomicalStructure
Retriever,biolink:affects,biolink:Phenomenon,biolink:GrossAnatomicalStructure
Retriever,biolink:has_input,biolink:ClinicalAttribute,biolink:Device
Retriever,biolink:located_in,biolink:AnatomicalEntity,biolink:PhenotypicFeature
Retriever,biolink:affects,biolink:Disease,biolink:Activity
Retriever,biolink:derives_from,biolink:Protein,biolink:NucleicAcidEntity
Retriever,biolink:has_part,biolink:InformationContentEntity,biolink:Protein
Retriever,biolink:occurs_in,biolink:PhenotypicFeature,biolink:Human
Retriever,biolink:has_part,biolink:Human,biolink:Protein
Retriever,biolink:coexists_with,biolink:Gene,biolink:GenomicEntity
Retriever,biolink:located_in,biolink:Drug,biolink:MolecularMixture
Retriever,biolink:produces,biolink:InformationContentEntity,biolink:ChemicalEntity
Retriever,biolink:affects,biolink:MolecularActivity,biolink:InformationContentEntity
Retriever,biolink:occurs_in,biolink:Phenomenon,biolink:OrganismTaxon
Retriever,biolink:affects,biolink:Disease,biolink:ClinicalAttribute
Retriever,biolink:located_in,biolink:Procedure,biolink:InformationContentEntity
Retriever,biolink:coexists_with,biolink:Disease,biolink:Phenomenon
Retriever,biolink:affects,biolink:Phenomenon,biolink:MolecularActivity
Retriever,biolink:occurs_in,biolink:Procedure,biolink:OrganismTaxon
Retriever,biolink:coexists_with,biolink:Disease,biolink:AnatomicalEntity
Retriever,biolink:interacts_with,biolink:InformationContentEntity,biolink:Protein
Retriever,biolink:coexists_with,biolink:MolecularMixture,biolink:MolecularMixture
Retriever,biolink:disrupts,biolink:ChemicalEntity,biolink:Phenomenon
Retriever,biolink:has_part,biolink:PopulationOfIndividualOrganisms,biolink:GenomicEntity
Retriever,biolink:produces,biolink:AnatomicalEntity,biolink:SmallMolecule
Retriever,biolink:occurs_in,biolink:Phenomenon,biolink:AnatomicalEntity
Retriever,biolink:related_to,biolink:ClinicalAttribute,biolink:PhenotypicFeature
Retriever,biolink:has_input,biolink:InformationContentEntity,biolink:Device
Retriever,biolink:coexists_with,biolink:Disease,biolink:Event
Retriever,biolink:disrupts,biolink:MolecularMixture,biolink:Disease
Retriever,biolink:has_part,biolink:InformationContentEntity,biolink:AnatomicalEntity
Retriever,biolink:interacts_with,biolink:GenomicEntity,biolink:Cell
Retriever,biolink:affects,biolink:PhysiologicalProcess,biolink:BiologicalProcess
Retriever,biolink:interacts_with,biolink:SmallMolecule,biolink:OrganismTaxon
Retriever,biolink:located_in,biolink:NucleicAcidEntity,biolink:Cohort
Retriever,biolink:predisposes_to_condition,biolink:BiologicalProcess,biolink:Disease
Retriever,biolink:occurs_in,biolink:Behavior,biolink:GrossAnatomicalStructure
Retriever,biolink:located_in,biolink:Polypeptide,biolink:OrganismTaxon
Retriever,biolink:has_part,biolink:InformationContentEntity,biolink:Cell
Retriever,biolink:interacts_with,biolink:MolecularMixture,biolink:Cell
Retriever,biolink:occurs_in,biolink:ClinicalAttribute,biolink:Cohort
Retriever,biolink:produces,biolink:MolecularActivity,biolink:Protein
Retriever,biolink:occurs_in,biolink:BiologicalProcess,biolink:ChemicalEntity
Retriever,biolink:has_part,biolink:Cell,biolink:ComplexMolecularMixture
Retriever,biolink:produces,biolink:CellularComponent,biolink:Drug
Retriever,biolink:occurs_in,biolink:MolecularActivity,biolink:Gene
Retriever,biolink:causes,biolink:Drug,biolink:Phenomenon
Retriever,biolink:affects,biolink:Activity,biolink:MolecularActivity
Retriever,biolink:exacerbates_condition,biolink:Procedure,biolink:PhenotypicFeature
Retriever,biolink:occurs_in,biolink:PhenotypicFeature,biolink:Agent
Retriever,biolink:predisposes_to_condition,biolink:ClinicalAttribute,biolink:PhenotypicFeature
Retriever,biolink:predisposes_to_condition,biolink:MolecularMixture,biolink:Disease
Retriever,biolink:disrupts,biolink:ChemicalEntity,biolink:OrganismTaxon
Retriever,biolink:coexists_with,biolink:ClinicalAttribute,biolink:PhenotypicFeature
Retriever,biolink:produces,biolink:Protein,biolink:MolecularMixture
Retriever,biolink:interacts_with,biolink:PopulationOfIndividualOrganisms,biolink:Cohort
Retriever,biolink:related_to,biolink:Activity,biolink:PhenotypicFeature
Retriever,biolink:disrupts,biolink:PhenotypicFeature,biolink:Cell
Retriever,biolink:affects,biolink:Procedure,biolink:ClinicalAttribute
Retriever,biolink:interacts_with,biolink:Cohort,biolink:Cohort
Retriever,biolink:interacts_with,biolink:NucleicAcidEntity,biolink:ChemicalMixture
Retriever,biolink:located_in,biolink:SmallMolecule,biolink:MolecularMixture
Retriever,biolink:has_part,biolink:Cohort,biolink:MolecularMixture
Retriever,biolink:interacts_with,biolink:Gene,biolink:OrganismTaxon
Retriever,biolink:predisposes_to_condition,biolink:Protein,biolink:InformationContentEntity
Retriever,biolink:disrupts,biolink:ChemicalEntity,biolink:InformationContentEntity
Retriever,biolink:causes,biolink:MolecularMixture,biolink:PhenotypicFeature
Retriever,biolink:coexists_with,biolink:PhenotypicFeature,biolink:BiologicalEntity
Retriever,biolink:has_part,biolink:Cohort,biolink:Protein
Retriever,biolink:predisposes_to_condition,biolink:ClinicalAttribute,biolink:Disease
Retriever,biolink:produces,biolink:Protein,biolink:NucleicAcidEntity
Retriever,biolink:has_part,biolink:OrganismTaxon,biolink:ComplexMolecularMixture
Retriever,biolink:related_to,biolink:Protein,biolink:InformationContentEntity
Retriever,biolink:has_part,biolink:OrganismTaxon,biolink:OrganismTaxon
Retriever,biolink:treats_or_applied_or_studied_to_treat,biolink:Procedure,biolink:Phenomenon
Retriever,biolink:has_part,biolink:Human,biolink:Gene
Retriever,biolink:affects,biolink:Drug,biolink:BiologicalEntity
Retriever,biolink:treats_or_applied_or_studied_to_treat,biolink:PhenotypicFeature,biolink:Disease
Retriever,biolink:treats_or_applied_or_studied_to_treat,biolink:Drug,biolink:GrossAnatomicalStructure
Retriever,biolink:treats_or_applied_or_studied_to_treat,biolink:SmallMolecule,biolink:GrossAnatomicalStructure
Retriever,biolink:has_part,biolink:PhenotypicFeature,biolink:AnatomicalEntity
Retriever,biolink:treats_or_applied_or_studied_to_treat,biolink:Protein,biolink:InformationContentEntity
Retriever,biolink:diagnoses,biolink:Procedure,biolink:InformationContentEntity
Retriever,biolink:related_to,biolink:Publication,biolink:Disease
Retriever,biolink:derives_from,biolink:Protein,biolink:Polypeptide
Retriever,biolink:affects,biolink:InformationContentEntity,biolink:InformationContentEntity
Retriever,biolink:affects,biolink:NucleicAcidEntity,biolink:PhenotypicFeature
Retriever,biolink:affects,biolink:AnatomicalEntity,biolink:Phenomenon
Retriever,biolink:located_in,biolink:Protein,biolink:InformationContentEntity
Retriever,biolink:treats_or_applied_or_studied_to_treat,biolink:OrganismTaxon,biolink:Disease
Retriever,biolink:produces,biolink:Cell,biolink:NucleicAcidEntity
Retriever,biolink:has_part,biolink:OrganismTaxon,biolink:PhenotypicFeature
Retriever,biolink:interacts_with,biolink:OrganismTaxon,biolink:Drug
Retriever,biolink:interacts_with,biolink:OrganismTaxon,biolink:SmallMolecule
Retriever,biolink:affects,biolink:GenomicEntity,biolink:Disease
Retriever,biolink:produces,biolink:Phenomenon,biolink:Drug
Retriever,biolink:has_part,biolink:MolecularMixture,biolink:Gene
Retriever,biolink:coexists_with,biolink:Behavior,biolink:Disease
Retriever,biolink:has_part,biolink:PopulationOfIndividualOrganisms,biolink:Protein
Retriever,biolink:located_in,biolink:GrossAnatomicalStructure,biolink:ClinicalAttribute
Retriever,biolink:derives_from,biolink:Drug,biolink:Gene
Retriever,biolink:produces,biolink:BiologicalEntity,biolink:Protein
Retriever,biolink:interacts_with,biolink:ChemicalEntity,biolink:OrganismTaxon
Retriever,biolink:coexists_with,biolink:Gene,biolink:ComplexMolecularMixture
Retriever,biolink:interacts_with,biolink:ChemicalEntity,biolink:PhysicalEntity
Retriever,biolink:coexists_with,biolink:PhenotypicFeature,biolink:Procedure
Retriever,biolink:derives_from,biolink:Protein,biolink:Drug
Retriever,biolink:disrupts,biolink:Procedure,biolink:Disease
Retriever,biolink:treats_or_applied_or_studied_to_treat,biolink:Protein,biolink:PopulationOfIndividualOrganisms
Retriever,biolink:disrupts,biolink:SmallMolecule,biolink:Procedure
Retriever,biolink:has_input,biolink:Publication,biolink:Drug
Retriever,biolink:causes,biolink:PhenotypicFeature,biolink:Activity
Retriever,biolink:located_in,biolink:PhenotypicFeature,biolink:InformationContentEntity
Retriever,biolink:disrupts,biolink:MolecularActivity,biolink:BiologicalProcess
Retriever,biolink:has_input,biolink:InformationContentEntity,biolink:SmallMolecule
Retriever,biolink:located_in,biolink:Gene,biolink:Human
Retriever,biolink:has_part,biolink:PopulationOfIndividualOrganisms,biolink:NucleicAcidEntity
Retriever,biolink:has_input,biolink:InformationContentEntity,biolink:Procedure
Retriever,biolink:diagnoses,biolink:Procedure,biolink:AnatomicalEntity
Retriever,biolink:affects,biolink:Cell,biolink:MolecularActivity
Retriever,biolink:related_to,biolink:Disease,biolink:Drug
Retriever,biolink:has_part,biolink:Disease,biolink:ChemicalEntity
Retriever,biolink:precedes,biolink:PhenotypicFeature,biolink:MolecularActivity
Retriever,biolink:disrupts,biolink:Gene,biolink:InformationContentEntity
Retriever,biolink:interacts_with,biolink:ComplexMolecularMixture,biolink:ChemicalMixture
Retriever,biolink:affects,biolink:Drug,biolink:DiseaseOrPhenotypicFeature
Retriever,biolink:occurs_in,biolink:Disease,biolink:Human
Retriever,biolink:has_part,biolink:AnatomicalEntity,biolink:PhenotypicFeature
Retriever,biolink:affects,biolink:InformationContentEntity,biolink:MolecularActivity
Retriever,biolink:has_part,biolink:PopulationOfIndividualOrganisms,biolink:Gene
Retriever,biolink:affects,biolink:Cell,biolink:Procedure
Retriever,biolink:has_part,biolink:MolecularMixture,biolink:Drug
Retriever,biolink:located_in,biolink:ChemicalEntity,biolink:MolecularMixture
Retriever,biolink:affects,biolink:ClinicalAttribute,biolink:PhenotypicFeature
Retriever,biolink:has_part,biolink:NucleicAcidEntity,biolink:Protein
Retriever,biolink:occurs_in,biolink:Disease,biolink:InformationContentEntity
Retriever,biolink:related_to,biolink:GenomicEntity,biolink:PhenotypicFeature
Retriever,biolink:produces,biolink:Drug,biolink:Protein
Retriever,biolink:affects,biolink:MolecularMixture,biolink:AnatomicalEntity
Retriever,biolink:precedes,biolink:Disease,biolink:Procedure
Retriever,biolink:interacts_with,biolink:Polypeptide,biolink:MolecularMixture
Retriever,biolink:occurs_in,biolink:AnatomicalEntity,biolink:Cohort
Retriever,biolink:produces,biolink:MolecularMixture,biolink:SmallMolecule
Retriever,biolink:coexists_with,biolink:MolecularMixture,biolink:ComplexMolecularMixture
Retriever,biolink:located_in,biolink:ComplexMolecularMixture,biolink:OrganismTaxon
Retriever,biolink:has_input,biolink:PhysicalEntity,biolink:Drug
Retriever,biolink:has_input,biolink:PhysicalEntity,biolink:SmallMolecule
Retriever,biolink:affects,biolink:PhysicalEntity,biolink:Drug
Retriever,biolink:affects,biolink:PhysicalEntity,biolink:SmallMolecule
Retriever,biolink:interacts_with,biolink:SmallMolecule,biolink:ComplexMolecularMixture
Retriever,biolink:located_in,biolink:Phenomenon,biolink:Cell
Retriever,biolink:disrupts,biolink:Drug,biolink:Activity
Retriever,biolink:located_in,biolink:ChemicalMixture,biolink:AnatomicalEntity
Retriever,biolink:interacts_with,biolink:SmallMolecule,biolink:NucleicAcidEntity
Retriever,biolink:affects,biolink:Phenomenon,biolink:Human
Retriever,biolink:coexists_with,biolink:NucleicAcidEntity,biolink:GenomicEntity
Retriever,biolink:occurs_in,biolink:PopulationOfIndividualOrganisms,biolink:Cohort
Retriever,biolink:precedes,biolink:PhenotypicFeature,biolink:Procedure
Retriever,biolink:causes,biolink:SmallMolecule,biolink:Phenomenon
Retriever,biolink:produces,biolink:PhenotypicFeature,biolink:Drug
Retriever,biolink:occurs_in,biolink:Activity,biolink:Cohort
Retriever,biolink:affects,biolink:ChemicalEntity,biolink:OrganismTaxon
Retriever,biolink:treats_or_applied_or_studied_to_treat,biolink:Device,biolink:AnatomicalEntity
Retriever,biolink:related_to,biolink:ChemicalEntity,biolink:InformationContentEntity
Retriever,biolink:produces,biolink:ChemicalEntity,biolink:MolecularMixture
Retriever,biolink:produces,biolink:ChemicalEntity,biolink:SmallMolecule
Retriever,biolink:has_part,biolink:Cohort,biolink:Drug
Retriever,biolink:treats_or_applied_or_studied_to_treat,biolink:MolecularMixture,biolink:Cohort
Retriever,biolink:coexists_with,biolink:Procedure,biolink:Disease
Retriever,biolink:located_in,biolink:CellularComponent,biolink:Publication
Retriever,biolink:coexists_with,biolink:PhysicalEntity,biolink:Drug
Retriever,biolink:coexists_with,biolink:PhysicalEntity,biolink:SmallMolecule
Retriever,biolink:has_part,biolink:PopulationOfIndividualOrganisms,biolink:SmallMolecule
Retriever,biolink:located_in,biolink:Disease,biolink:OrganismTaxon
Retriever,biolink:has_part,biolink:Agent,biolink:AnatomicalEntity
Retriever,biolink:predisposes_to_condition,biolink:PhenotypicFeature,biolink:DiseaseOrPhenotypicFeature
Retriever,biolink:derives_from,biolink:ChemicalEntity,biolink:GenomicEntity
Retriever,biolink:affects,biolink:Disease,biolink:Drug
Retriever,biolink:occurs_in,biolink:Phenomenon,biolink:GrossAnatomicalStructure
Retriever,biolink:treats_or_applied_or_studied_to_treat,biolink:ComplexMolecularMixture,biolink:Cohort
Retriever,biolink:affects,biolink:Behavior,biolink:Disease
Retriever,biolink:coexists_with,biolink:MolecularActivity,biolink:MolecularActivity
Retriever,biolink:occurs_in,biolink:PhenotypicFeature,biolink:InformationContentEntity
Retriever,biolink:produces,biolink:MolecularMixture,biolink:Drug
Retriever,biolink:coexists_with,biolink:GenomicEntity,biolink:Drug
Retriever,biolink:diagnoses,biolink:InformationContentEntity,biolink:PhenotypicFeature
Retriever,biolink:affects,biolink:Polypeptide,biolink:OrganismTaxon
Retriever,biolink:predisposes_to_condition,biolink:BiologicalProcess,biolink:PhenotypicFeature
Retriever,biolink:affects,biolink:AnatomicalEntity,biolink:PhenotypicFeature
Retriever,biolink:has_part,biolink:PopulationOfIndividualOrganisms,biolink:ChemicalEntity
Retriever,biolink:produces,biolink:PhenotypicFeature,biolink:ChemicalEntity
Retriever,biolink:produces,biolink:Protein,biolink:Polypeptide
Retriever,biolink:interacts_with,biolink:InformationContentEntity,biolink:SmallMolecule
Retriever,biolink:interacts_with,biolink:PhenotypicFeature,biolink:ChemicalEntity
Retriever,biolink:interacts_with,biolink:Polypeptide,biolink:GenomicEntity
Retriever,biolink:predisposes_to_condition,biolink:InformationContentEntity,biolink:PhenotypicFeature
Retriever,biolink:interacts_with,biolink:ChemicalMixture,biolink:Gene
Retriever,biolink:predisposes_to_condition,biolink:Activity,biolink:ClinicalAttribute
Retriever,biolink:affects,biolink:PhenotypicFeature,biolink:Human
Retriever,biolink:derives_from,biolink:Protein,biolink:Gene
Retriever,biolink:coexists_with,biolink:PhenotypicFeature,biolink:Gene
Retriever,biolink:related_to,biolink:AnatomicalEntity,biolink:InformationContentEntity
Retriever,biolink:interacts_with,biolink:MolecularMixture,biolink:MolecularMixture
Retriever,biolink:coexists_with,biolink:Drug,biolink:Polypeptide
Retriever,biolink:occurs_in,biolink:Behavior,biolink:Human
Retriever,biolink:treats_or_applied_or_studied_to_treat,biolink:InformationContentEntity,biolink:Cohort
Retriever,biolink:causes,biolink:PhenotypicFeature,biolink:InformationContentEntity
Retriever,biolink:coexists_with,biolink:InformationContentEntity,biolink:SmallMolecule
Retriever,biolink:coexists_with,biolink:Polypeptide,biolink:CellularComponent
Retriever,biolink:coexists_with,biolink:Disease,biolink:Procedure
Retriever,biolink:affects,biolink:GenomicEntity,biolink:BiologicalProcess
Retriever,biolink:affects,biolink:Phenomenon,biolink:InformationContentEntity
Retriever,biolink:coexists_with,biolink:Disease,biolink:Behavior
Retriever,biolink:coexists_with,biolink:Activity,biolink:PhenotypicFeature
Retriever,biolink:related_to,biolink:Gene,biolink:InformationContentEntity
Retriever,biolink:produces,biolink:InformationContentEntity,biolink:Protein
Retriever,biolink:exacerbates_condition,biolink:Protein,biolink:Disease
Retriever,biolink:derives_from,biolink:Gene,biolink:Protein
Retriever,biolink:coexists_with,biolink:PhenotypicFeature,biolink:AnatomicalEntity
Retriever,biolink:causes,biolink:Activity,biolink:PhenotypicFeature
Retriever,biolink:interacts_with,biolink:Publication,biolink:Protein
Retriever,biolink:related_to,biolink:PhenotypicFeature,biolink:ComplexMolecularMixture
Retriever,biolink:affects,biolink:ComplexMolecularMixture,biolink:Cell
Retriever,biolink:related_to,biolink:PhenotypicFeature,biolink:Drug
Retriever,biolink:affects,biolink:NucleicAcidEntity,biolink:Drug
Retriever,biolink:affects,biolink:InformationContentEntity,biolink:Protein
Retriever,biolink:has_input,biolink:InformationContentEntity,biolink:Protein
Retriever,biolink:related_to,biolink:Behavior,biolink:PhenotypicFeature
Retriever,biolink:coexists_with,biolink:Polypeptide,biolink:MolecularMixture
Retriever,biolink:causes,biolink:Drug,biolink:Procedure
Retriever,biolink:causes,biolink:SmallMolecule,biolink:Procedure
Retriever,biolink:precedes,biolink:InformationContentEntity,biolink:Procedure
Retriever,biolink:related_to,biolink:Protein,biolink:ClinicalAttribute
Retriever,biolink:related_to,biolink:Gene,biolink:ClinicalAttribute
Retriever,biolink:produces,biolink:GrossAnatomicalStructure,biolink:GenomicEntity
Retriever,biolink:coexists_with,biolink:InformationContentEntity,biolink:Drug
Retriever,biolink:coexists_with,biolink:Drug,biolink:PhenotypicFeature
Retriever,biolink:coexists_with,biolink:SmallMolecule,biolink:PhenotypicFeature
Retriever,biolink:interacts_with,biolink:Phenomenon,biolink:SmallMolecule
Retriever,biolink:produces,biolink:GenomicEntity,biolink:Protein
Retriever,biolink:coexists_with,biolink:Polypeptide,biolink:Drug
Retriever,biolink:related_to,biolink:Drug,biolink:InformationContentEntity
Retriever,biolink:produces,biolink:PhenotypicFeature,biolink:Gene
Retriever,biolink:interacts_with,biolink:ChemicalMixture,biolink:Protein
Retriever,biolink:has_part,biolink:Cell,biolink:Disease
Retriever,biolink:located_in,biolink:GrossAnatomicalStructure,biolink:PhenotypicFeature
Retriever,biolink:located_in,biolink:Drug,biolink:Disease
Retriever,biolink:causes,biolink:Protein,biolink:Procedure
Retriever,biolink:located_in,biolink:PhenotypicFeature,biolink:PhenotypicFeature
Retriever,biolink:related_to,biolink:SmallMolecule,biolink:InformationContentEntity
Retriever,biolink:has_part,biolink:PhenotypicFeature,biolink:Cell
Retriever,biolink:treats_or_applied_or_studied_to_treat,biolink:Protein,biolink:GrossAnatomicalStructure
Retriever,biolink:interacts_with,biolink:InformationContentEntity,biolink:ChemicalEntity
Retriever,biolink:produces,biolink:GrossAnatomicalStructure,biolink:MolecularMixture
Retriever,biolink:located_in,biolink:PhenotypicFeature,biolink:NucleicAcidEntity
Retriever,biolink:related_to,biolink:BiologicalProcess,biolink:Procedure
Retriever,biolink:coexists_with,biolink:PhenotypicFeature,biolink:ChemicalEntity
Retriever,biolink:exacerbates_condition,biolink:Drug,biolink:PhenotypicFeature
Retriever,biolink:located_in,biolink:Publication,biolink:CellularComponent
Retriever,biolink:located_in,biolink:Protein,biolink:Agent
Retriever,biolink:disrupts,biolink:NucleicAcidEntity,biolink:BiologicalProcess
Retriever,biolink:causes,biolink:MolecularMixture,biolink:MolecularActivity
Retriever,biolink:occurs_in,biolink:OrganismTaxon,biolink:Human
Retriever,biolink:located_in,biolink:MolecularActivity,biolink:PhenotypicFeature
Retriever,biolink:related_to,biolink:Phenomenon,biolink:PhenotypicFeature
Retriever,biolink:has_part,biolink:MolecularMixture,biolink:CellularComponent
Retriever,biolink:has_part,biolink:Polypeptide,biolink:Drug
Retriever,biolink:affects,biolink:Protein,biolink:Behavior
Retriever,biolink:disrupts,biolink:Disease,biolink:Phenomenon
Retriever,biolink:coexists_with,biolink:PhenotypicFeature,biolink:Drug
Retriever,biolink:treats_or_applied_or_studied_to_treat,biolink:Phenomenon,biolink:Disease
Retriever,biolink:produces,biolink:Cell,biolink:GenomicEntity
Retriever,biolink:interacts_with,biolink:ComplexMolecularMixture,biolink:Drug
Retriever,biolink:interacts_with,biolink:ComplexMolecularMixture,biolink:SmallMolecule
Retriever,biolink:affects,biolink:AnatomicalEntity,biolink:Disease
Retriever,biolink:affects,biolink:OrganismTaxon,biolink:OrganismTaxon
Retriever,biolink:coexists_with,biolink:MolecularActivity,biolink:Phenomenon
Retriever,biolink:interacts_with,biolink:NucleicAcidEntity,biolink:SmallMolecule
Retriever,biolink:located_in,biolink:ComplexMolecularMixture,biolink:Cell
Retriever,biolink:interacts_with,biolink:ChemicalMixture,biolink:ChemicalMixture
Retriever,biolink:coexists_with,biolink:Procedure,biolink:ClinicalAttribute
Retriever,biolink:located_in,biolink:Drug,biolink:Human
Retriever,biolink:affects,biolink:Drug,biolink:Procedure
Retriever,biolink:located_in,biolink:InformationContentEntity,biolink:InformationContentEntity
Retriever,biolink:exacerbates_condition,biolink:Drug,biolink:Disease
Retriever,biolink:causes,biolink:AnatomicalEntity,biolink:InformationContentEntity
Retriever,biolink:affects,biolink:Phenomenon,biolink:ClinicalAttribute
Retriever,biolink:related_to,biolink:Gene,biolink:BiologicalProcess
Retriever,biolink:has_part,biolink:PopulationOfIndividualOrganisms,biolink:Polypeptide
Retriever,biolink:has_part,biolink:GrossAnatomicalStructure,biolink:GenomicEntity
Retriever,biolink:has_part,biolink:Cell,biolink:PhenotypicFeature
Retriever,biolink:disrupts,biolink:Drug,biolink:AnatomicalEntity
Retriever,biolink:affects,biolink:Gene,biolink:OrganismTaxon
Retriever,biolink:produces,biolink:Drug,biolink:AnatomicalEntity
Retriever,biolink:occurs_in,biolink:PopulationOfIndividualOrganisms,biolink:PopulationOfIndividualOrganisms
Retriever,biolink:occurs_in,biolink:ClinicalAttribute,biolink:PopulationOfIndividualOrganisms
Retriever,biolink:has_input,biolink:BiologicalProcess,biolink:Drug
Retriever,biolink:has_input,biolink:Cohort,biolink:PhysicalEntity
Retriever,biolink:causes,biolink:ComplexMolecularMixture,biolink:PhenotypicFeature
Retriever,biolink:coexists_with,biolink:MolecularActivity,biolink:InformationContentEntity
Retriever,biolink:coexists_with,biolink:InformationContentEntity,biolink:Protein
Retriever,biolink:located_in,biolink:SmallMolecule,biolink:Agent
Retriever,biolink:occurs_in,biolink:ClinicalAttribute,biolink:GrossAnatomicalStructure
Retriever,biolink:precedes,biolink:Activity,biolink:Disease
Retriever,biolink:treats_or_applied_or_studied_to_treat,biolink:Publication,biolink:PopulationOfIndividualOrganisms
Retriever,biolink:disrupts,biolink:NucleicAcidEntity,biolink:Cell
Retriever,biolink:affects,biolink:Gene,biolink:Activity
Retriever,biolink:produces,biolink:MolecularActivity,biolink:Gene
Retriever,biolink:has_input,biolink:Activity,biolink:Gene
Retriever,biolink:has_input,biolink:PhenotypicFeature,biolink:Protein
Retriever,biolink:interacts_with,biolink:GenomicEntity,biolink:OrganismTaxon
Retriever,biolink:coexists_with,biolink:Protein,biolink:PhenotypicFeature
Retriever,biolink:coexists_with,biolink:Procedure,biolink:PhenotypicFeature
Retriever,biolink:treats_or_applied_or_studied_to_treat,biolink:PhenotypicFeature,biolink:PhenotypicFeature
Retriever,biolink:affects,biolink:Cell,biolink:InformationContentEntity
Retriever,biolink:affects,biolink:Protein,biolink:GenomicEntity
Retriever,biolink:coexists_with,biolink:PhenotypicFeature,biolink:Protein
Retriever,biolink:causes,biolink:Protein,biolink:ClinicalAttribute
Retriever,biolink:causes,biolink:Gene,biolink:ClinicalAttribute
Retriever,biolink:produces,biolink:AnatomicalEntity,biolink:Polypeptide
Retriever,biolink:related_to,biolink:Phenomenon,biolink:Protein
Retriever,biolink:occurs_in,biolink:OrganismTaxon,biolink:GrossAnatomicalStructure
Retriever,biolink:coexists_with,biolink:PhysiologicalProcess,biolink:BiologicalProcess
Retriever,biolink:located_in,biolink:ChemicalEntity,biolink:Agent
Retriever,biolink:treats_or_applied_or_studied_to_treat,biolink:Procedure,biolink:Agent
Retriever,biolink:occurs_in,biolink:InformationContentEntity,biolink:GrossAnatomicalStructure
Retriever,biolink:affects,biolink:Behavior,biolink:Phenomenon
Retriever,biolink:interacts_with,biolink:ChemicalMixture,biolink:ComplexMolecularMixture
Retriever,biolink:has_input,biolink:Procedure,biolink:OrganismTaxon
Retriever,biolink:coexists_with,biolink:OrganismTaxon,biolink:Gene
Retriever,biolink:affects,biolink:ClinicalAttribute,biolink:Disease
Retriever,biolink:treats_or_applied_or_studied_to_treat,biolink:Protein,biolink:Human
Retriever,biolink:affects,biolink:GenomicEntity,biolink:MolecularActivity
Retriever,biolink:disrupts,biolink:SmallMolecule,biolink:OrganismTaxon
Retriever,biolink:disrupts,biolink:Disease,biolink:Activity
Retriever,biolink:coexists_with,biolink:GenomicEntity,biolink:ChemicalEntity
Retriever,biolink:treats_or_applied_or_studied_to_treat,biolink:Procedure,biolink:AnatomicalEntity
Retriever,biolink:interacts_with,biolink:PhysicalEntity,biolink:ChemicalMixture
Retriever,biolink:coexists_with,biolink:Procedure,biolink:Behavior
Retriever,biolink:has_part,biolink:PopulationOfIndividualOrganisms,biolink:PhenotypicFeature
Retriever,biolink:has_part,biolink:PhenotypicFeature,biolink:GenomicEntity
Retriever,biolink:coexists_with,biolink:Drug,biolink:Publication
Retriever,biolink:has_input,biolink:Activity,biolink:Device
Retriever,biolink:has_input,biolink:Device,biolink:MolecularMixture
Retriever,biolink:interacts_with,biolink:ChemicalEntity,biolink:ComplexMolecularMixture
Retriever,biolink:produces,biolink:Protein,biolink:ComplexMolecularMixture
Retriever,biolink:affects,biolink:PhenotypicFeature,biolink:DiseaseOrPhenotypicFeature
Retriever,biolink:interacts_with,biolink:MolecularActivity,biolink:Protein
Retriever,biolink:located_in,biolink:InformationContentEntity,biolink:Publication
Retriever,biolink:has_part,biolink:GenomicEntity,biolink:SmallMolecule
Retriever,biolink:located_in,biolink:MolecularMixture,biolink:Cohort
Retriever,biolink:located_in,biolink:OrganismTaxon,biolink:PhenotypicFeature
Retriever,biolink:coexists_with,biolink:MolecularActivity,biolink:Drug
Retriever,biolink:coexists_with,biolink:MolecularActivity,biolink:SmallMolecule
Retriever,biolink:disrupts,biolink:MolecularMixture,biolink:Cell
Retriever,biolink:coexists_with,biolink:SmallMolecule,biolink:PhysicalEntity
Retriever,biolink:affects,biolink:ComplexMolecularMixture,biolink:Phenomenon
Retriever,biolink:coexists_with,biolink:Disease,biolink:Activity
Retriever,biolink:related_to,biolink:ChemicalEntity,biolink:ClinicalAttribute
Retriever,biolink:affects,biolink:NucleicAcidEntity,biolink:Phenomenon
Retriever,biolink:has_part,biolink:PhenotypicFeature,biolink:CellularComponent
Retriever,biolink:interacts_with,biolink:GenomicEntity,biolink:Drug
Retriever,biolink:interacts_with,biolink:GenomicEntity,biolink:SmallMolecule
Retriever,biolink:affects,biolink:Activity,biolink:Cohort
Retriever,biolink:located_in,biolink:Activity,biolink:Cell
Retriever,biolink:interacts_with,biolink:ComplexMolecularMixture,biolink:Protein
Retriever,biolink:affects,biolink:Phenomenon,biolink:Activity
Retriever,biolink:has_part,biolink:PopulationOfIndividualOrganisms,biolink:Cell
Retriever,biolink:coexists_with,biolink:ComplexMolecularMixture,biolink:Drug
Retriever,biolink:coexists_with,biolink:ComplexMolecularMixture,biolink:SmallMolecule
Retriever,biolink:has_part,biolink:GenomicEntity,biolink:Protein
Retriever,biolink:occurs_in,biolink:Phenomenon,biolink:Disease
Retriever,biolink:has_part,biolink:AnatomicalEntity,biolink:GenomicEntity
Retriever,biolink:has_part,biolink:InformationContentEntity,biolink:SmallMolecule
Retriever,biolink:coexists_with,biolink:Gene,biolink:MolecularMixture
Retriever,biolink:predisposes_to_condition,biolink:PhenotypicFeature,biolink:InformationContentEntity
Retriever,biolink:located_in,biolink:PhenotypicFeature,biolink:Publication
Retriever,biolink:disrupts,biolink:Disease,biolink:InformationContentEntity
Retriever,biolink:affects,biolink:BiologicalProcess,biolink:Behavior
Retriever,biolink:occurs_in,biolink:MolecularActivity,biolink:BiologicalEntity
Retriever,biolink:causes,biolink:Drug,biolink:Activity
Retriever,biolink:causes,biolink:SmallMolecule,biolink:Activity
Retriever,biolink:affects,biolink:GenomicEntity,biolink:Cell
Retriever,biolink:produces,biolink:ChemicalEntity,biolink:Drug
Retriever,biolink:located_in,biolink:Protein,biolink:Disease
Retriever,biolink:interacts_with,biolink:Protein,biolink:PhenotypicFeature
Retriever,biolink:has_input,biolink:Procedure,biolink:Publication
Retriever,biolink:coexists_with,biolink:AnatomicalEntity,biolink:PhenotypicFeature
Retriever,biolink:coexists_with,biolink:ClinicalAttribute,biolink:ClinicalAttribute
Retriever,biolink:produces,biolink:Cell,biolink:PhenotypicFeature
Retriever,biolink:disrupts,biolink:GenomicEntity,biolink:Disease
Retriever,biolink:treats_or_applied_or_studied_to_treat,biolink:Drug,biolink:AnatomicalEntity
Retriever,biolink:treats_or_applied_or_studied_to_treat,biolink:SmallMolecule,biolink:AnatomicalEntity
Retriever,biolink:produces,biolink:AnatomicalEntity,biolink:NucleicAcidEntity
Retriever,biolink:affects,biolink:GenomicEntity,biolink:Protein
Retriever,biolink:affects,biolink:GenomicEntity,biolink:Gene
Retriever,biolink:related_to,biolink:Drug,biolink:ClinicalAttribute
Retriever,biolink:related_to,biolink:SmallMolecule,biolink:ClinicalAttribute
Retriever,biolink:has_input,biolink:PhysicalEntity,biolink:Protein
Retriever,biolink:coexists_with,biolink:GenomicEntity,biolink:SmallMolecule
Retriever,biolink:produces,biolink:Disease,biolink:MolecularMixture
Retriever,biolink:located_in,biolink:Disease,biolink:PopulationOfIndividualOrganisms
Retriever,biolink:interacts_with,biolink:Protein,biolink:MolecularActivity
Retriever,biolink:treats_or_applied_or_studied_to_treat,biolink:ComplexMolecularMixture,biolink:InformationContentEntity
Retriever,biolink:occurs_in,biolink:Publication,biolink:Cohort
Retriever,biolink:affects,biolink:GenomicEntity,biolink:PhenotypicFeature
Retriever,biolink:affects,biolink:InformationContentEntity,biolink:Activity
Retriever,biolink:coexists_with,biolink:GenomicEntity,biolink:NucleicAcidEntity
Retriever,biolink:located_in,biolink:ComplexMolecularMixture,biolink:AnatomicalEntity
Retriever,biolink:treats_or_applied_or_studied_to_treat,biolink:ChemicalEntity,biolink:Human
Retriever,biolink:affects,biolink:NucleicAcidEntity,biolink:NucleicAcidEntity
Retriever,biolink:affects,biolink:Behavior,biolink:Activity
Retriever,biolink:located_in,biolink:Procedure,biolink:Publication
Retriever,biolink:has_part,biolink:NucleicAcidEntity,biolink:Drug
Retriever,biolink:has_part,biolink:NucleicAcidEntity,biolink:SmallMolecule
Retriever,biolink:derives_from,biolink:Drug,biolink:MolecularMixture
Retriever,biolink:has_input,biolink:ChemicalEntity,biolink:Device
Retriever,biolink:occurs_in,biolink:DiseaseOrPhenotypicFeature,biolink:PopulationOfIndividualOrganisms
Retriever,biolink:has_part,biolink:PopulationOfIndividualOrganisms,biolink:Drug
Retriever,biolink:coexists_with,biolink:NucleicAcidEntity,biolink:Disease
Retriever,biolink:coexists_with,biolink:Procedure,biolink:Activity
Retriever,biolink:has_input,biolink:Procedure,biolink:MolecularActivity
Retriever,biolink:affects,biolink:ChemicalEntity,biolink:Behavior
Retriever,biolink:causes,biolink:Disease,biolink:ClinicalAttribute
Retriever,biolink:predisposes_to_condition,biolink:AnatomicalEntity,biolink:Disease
Retriever,biolink:disrupts,biolink:Disease,biolink:CellularComponent
Retriever,biolink:occurs_in,biolink:GrossAnatomicalStructure,biolink:PopulationOfIndividualOrganisms
Retriever,biolink:diagnoses,biolink:Disease,biolink:Disease
Retriever,biolink:has_part,biolink:CellularComponent,biolink:GenomicEntity
Retriever,biolink:interacts_with,biolink:Drug,biolink:PhysicalEntity
Retriever,biolink:interacts_with,biolink:SmallMolecule,biolink:PhysicalEntity
Retriever,biolink:affects,biolink:Drug,biolink:OrganismTaxon
Retriever,biolink:coexists_with,biolink:Publication,biolink:Drug
Retriever,biolink:causes,biolink:Phenomenon,biolink:PhenotypicFeature
Retriever,biolink:causes,biolink:ChemicalEntity,biolink:AnatomicalEntity
Retriever,biolink:treats_or_applied_or_studied_to_treat,biolink:PhysicalEntity,biolink:PhenotypicFeature
Retriever,biolink:has_part,biolink:ChemicalEntity,biolink:Gene
Retriever,biolink:affects,biolink:ComplexMolecularMixture,biolink:Activity
Retriever,biolink:interacts_with,biolink:NucleicAcidEntity,biolink:Drug
Retriever,biolink:has_part,biolink:Disease,biolink:MolecularMixture
Retriever,biolink:located_in,biolink:Gene,biolink:Agent
Retriever,biolink:coexists_with,biolink:BiologicalEntity,biolink:PhenotypicFeature
Retriever,biolink:occurs_in,biolink:AnatomicalEntity,biolink:PopulationOfIndividualOrganisms
Retriever,biolink:has_part,biolink:OrganismTaxon,biolink:InformationContentEntity
Retriever,biolink:treats_or_applied_or_studied_to_treat,biolink:ChemicalEntity,biolink:BiologicalEntity
Retriever,biolink:occurs_in,biolink:Activity,biolink:BiologicalEntity
Retriever,biolink:causes,biolink:Activity,biolink:Disease
Retriever,biolink:occurs_in,biolink:MolecularActivity,biolink:Drug
Retriever,biolink:occurs_in,biolink:MolecularActivity,biolink:SmallMolecule
Retriever,biolink:treats_or_applied_or_studied_to_treat,biolink:ComplexMolecularMixture,biolink:OrganismTaxon
Retriever,biolink:related_to,biolink:NucleicAcidEntity,biolink:ClinicalAttribute
Retriever,biolink:coexists_with,biolink:Gene,biolink:PhenotypicFeature
Retriever,biolink:produces,biolink:Cell,biolink:ComplexMolecularMixture
Retriever,biolink:disrupts,biolink:ChemicalEntity,biolink:Activity
Retriever,biolink:has_part,biolink:Human,biolink:Cell
Retriever,biolink:produces,biolink:MolecularMixture,biolink:ChemicalEntity
Retriever,biolink:coexists_with,biolink:Phenomenon,biolink:Behavior
Retriever,biolink:has_input,biolink:Publication,biolink:SmallMolecule
Retriever,biolink:affects,biolink:ChemicalEntity,biolink:GenomicEntity
Retriever,biolink:affects,biolink:SmallMolecule,biolink:OrganismTaxon
Retriever,biolink:coexists_with,biolink:SmallMolecule,biolink:GenomicEntity
Retriever,biolink:has_input,biolink:PhenotypicFeature,biolink:Device
Retriever,biolink:interacts_with,biolink:Cohort,biolink:Agent
Retriever,biolink:causes,biolink:Disease,biolink:Activity
Retriever,biolink:disrupts,biolink:Drug,biolink:ClinicalAttribute
Retriever,biolink:disrupts,biolink:SmallMolecule,biolink:ClinicalAttribute
Retriever,biolink:disrupts,biolink:PhenotypicFeature,biolink:PhenotypicFeature
Retriever,biolink:interacts_with,biolink:ChemicalEntity,biolink:GenomicEntity
Retriever,biolink:causes,biolink:Procedure,biolink:InformationContentEntity
Retriever,biolink:has_part,biolink:SmallMolecule,biolink:Polypeptide
Retriever,biolink:treats_or_applied_or_studied_to_treat,biolink:Polypeptide,biolink:OrganismTaxon
Retriever,biolink:affects,biolink:Procedure,biolink:Procedure
Retriever,biolink:occurs_in,biolink:Disease,biolink:Cell
Retriever,biolink:coexists_with,biolink:PhenotypicFeature,biolink:PopulationOfIndividualOrganisms
Retriever,biolink:treats_or_applied_or_studied_to_treat,biolink:Drug,biolink:ClinicalAttribute
Retriever,biolink:treats_or_applied_or_studied_to_treat,biolink:SmallMolecule,biolink:ClinicalAttribute
Retriever,biolink:has_part,biolink:Cohort,biolink:GenomicEntity
Retriever,biolink:interacts_with,biolink:MolecularActivity,biolink:Drug
Retriever,biolink:interacts_with,biolink:MolecularActivity,biolink:SmallMolecule
Retriever,biolink:coexists_with,biolink:InformationContentEntity,biolink:ChemicalEntity
Retriever,biolink:causes,biolink:Gene,biolink:InformationContentEntity
Retriever,biolink:has_input,biolink:Publication,biolink:ChemicalEntity
Retriever,biolink:has_part,biolink:Drug,biolink:AnatomicalEntity
Retriever,biolink:precedes,biolink:Protein,biolink:Procedure
Retriever,biolink:disrupts,biolink:Protein,biolink:Procedure
Retriever,biolink:coexists_with,biolink:InformationContentEntity,biolink:MolecularActivity
Retriever,biolink:interacts_with,biolink:ChemicalEntity,biolink:Phenomenon
Retriever,biolink:coexists_with,biolink:GrossAnatomicalStructure,biolink:Disease
Retriever,biolink:located_in,biolink:Gene,biolink:ChemicalEntity
Retriever,biolink:affects,biolink:NucleicAcidEntity,biolink:Activity
Retriever,biolink:occurs_in,biolink:ClinicalAttribute,biolink:PhenotypicFeature
Retriever,biolink:has_input,biolink:Behavior,biolink:Drug
Retriever,biolink:has_input,biolink:Behavior,biolink:SmallMolecule
Retriever,biolink:disrupts,biolink:ComplexMolecularMixture,biolink:Disease
Retriever,biolink:related_to,biolink:AnatomicalEntity,biolink:Phenomenon
Retriever,biolink:diagnoses,biolink:Procedure,biolink:Behavior
Retriever,biolink:precedes,biolink:MolecularActivity,biolink:Procedure
Retriever,biolink:affects,biolink:Gene,biolink:ClinicalAttribute
Retriever,biolink:related_to,biolink:InformationContentEntity,biolink:Protein
Retriever,biolink:located_in,biolink:AnatomicalEntity,biolink:InformationContentEntity
Retriever,biolink:has_input,biolink:Device,biolink:Procedure
Retriever,biolink:treats_or_applied_or_studied_to_treat,biolink:PhenotypicFeature,biolink:PopulationOfIndividualOrganisms
Retriever,biolink:occurs_in,biolink:BiologicalEntity,biolink:OrganismTaxon
Retriever,biolink:located_in,biolink:Drug,biolink:Polypeptide
Retriever,biolink:located_in,biolink:SmallMolecule,biolink:Polypeptide
Retriever,biolink:affects,biolink:PhysiologicalProcess,biolink:PhenotypicFeature
Retriever,biolink:located_in,biolink:Disease,biolink:PhysicalEntity
Retriever,biolink:located_in,biolink:Activity,biolink:Publication
Retriever,biolink:has_part,biolink:Human,biolink:AnatomicalEntity
Retriever,biolink:causes,biolink:Drug,biolink:PhysiologicalProcess
Retriever,biolink:related_to,biolink:AnatomicalEntity,biolink:ClinicalAttribute
Retriever,biolink:coexists_with,biolink:NucleicAcidEntity,biolink:MolecularMixture
Retriever,biolink:related_to,biolink:Gene,biolink:NucleicAcidEntity
Retriever,biolink:derives_from,biolink:Polypeptide,biolink:NucleicAcidEntity
Retriever,biolink:affects,biolink:Procedure,biolink:Protein
Retriever,biolink:related_to,biolink:BiologicalProcess,biolink:MolecularMixture
Retriever,biolink:affects,biolink:MolecularMixture,biolink:OrganismTaxon
Retriever,biolink:treats_or_applied_or_studied_to_treat,biolink:Procedure,biolink:Human
Retriever,biolink:related_to,biolink:Disease,biolink:GenomicEntity
Retriever,biolink:coexists_with,biolink:Disease,biolink:GrossAnatomicalStructure
Retriever,biolink:causes,biolink:Protein,biolink:Activity
Retriever,biolink:has_part,biolink:ChemicalEntity,biolink:GenomicEntity
Retriever,biolink:affects,biolink:InformationContentEntity,biolink:OrganismTaxon
Retriever,biolink:occurs_in,biolink:Publication,biolink:PopulationOfIndividualOrganisms
Retriever,biolink:has_part,biolink:ChemicalEntity,biolink:NucleicAcidEntity
Retriever,biolink:derives_from,biolink:ChemicalEntity,biolink:ComplexMolecularMixture
Retriever,biolink:affects,biolink:NucleicAcidEntity,biolink:Polypeptide
Retriever,biolink:affects,biolink:Disease,biolink:Procedure
Retriever,biolink:located_in,biolink:NucleicAcidEntity,biolink:PhenotypicFeature
Retriever,biolink:has_input,biolink:Procedure,biolink:InformationContentEntity
Retriever,biolink:predisposes_to_condition,biolink:Cohort,biolink:Disease
Retriever,biolink:related_to,biolink:Procedure,biolink:BiologicalProcess
Retriever,biolink:coexists_with,biolink:Disease,biolink:NucleicAcidEntity
Retriever,biolink:coexists_with,biolink:PhenotypicFeature,biolink:Activity
Retriever,biolink:interacts_with,biolink:OrganismTaxon,biolink:PopulationOfIndividualOrganisms
Retriever,biolink:has_part,biolink:InformationContentEntity,biolink:Publication
Retriever,biolink:treats_or_applied_or_studied_to_treat,biolink:ComplexMolecularMixture,biolink:GrossAnatomicalStructure
Retriever,biolink:diagnoses,biolink:ClinicalAttribute,biolink:PhenotypicFeature
Retriever,biolink:occurs_in,biolink:GrossAnatomicalStructure,biolink:OrganismTaxon
Retriever,biolink:manifestation_of,biolink:InformationContentEntity,biolink:Disease
Retriever,biolink:predisposes_to_condition,biolink:DiseaseOrPhenotypicFeature,biolink:PhenotypicFeature
Retriever,biolink:occurs_in,biolink:Behavior,biolink:Agent
Retriever,biolink:located_in,biolink:Disease,biolink:Gene
Retriever,biolink:affects,biolink:MolecularActivity,biolink:GenomicEntity
Retriever,biolink:precedes,biolink:InformationContentEntity,biolink:PhenotypicFeature
Retriever,biolink:coexists_with,biolink:PhenotypicFeature,biolink:SmallMolecule
Retriever,biolink:located_in,biolink:Publication,biolink:MolecularMixture
Retriever,biolink:coexists_with,biolink:Activity,biolink:Phenomenon
Retriever,biolink:interacts_with,biolink:Drug,biolink:ComplexMolecularMixture
Retriever,biolink:located_in,biolink:Activity,biolink:CellularComponent
Retriever,biolink:occurs_in,biolink:Procedure,biolink:Disease
Retriever,biolink:located_in,biolink:ChemicalEntity,biolink:Disease
Retriever,biolink:causes,biolink:Publication,biolink:Disease
Retriever,biolink:interacts_with,biolink:Protein,biolink:ComplexMolecularMixture
Retriever,biolink:related_to,biolink:Disease,biolink:ComplexMolecularMixture
Retriever,biolink:located_in,biolink:Publication,biolink:InformationContentEntity
Retriever,biolink:coexists_with,biolink:Disease,biolink:CellularComponent
Retriever,biolink:produces,biolink:Gene,biolink:GenomicEntity
Retriever,biolink:affects,biolink:MolecularActivity,biolink:OrganismTaxon
Retriever,biolink:affects,biolink:ChemicalMixture,biolink:Phenomenon
Retriever,biolink:occurs_in,biolink:AnatomicalEntity,biolink:PhenotypicFeature
Retriever,biolink:exacerbates_condition,biolink:ChemicalEntity,biolink:Disease
Retriever,biolink:produces,biolink:OrganismTaxon,biolink:GenomicEntity
Retriever,biolink:coexists_with,biolink:MolecularActivity,biolink:Procedure
Retriever,biolink:located_in,biolink:AnatomicalEntity,biolink:Human
Retriever,biolink:treats_or_applied_or_studied_to_treat,biolink:ChemicalEntity,biolink:ClinicalAttribute
Retriever,biolink:occurs_in,biolink:MolecularActivity,biolink:Human
Retriever,biolink:located_in,biolink:SmallMolecule,biolink:Drug
Retriever,biolink:located_in,biolink:ComplexMolecularMixture,biolink:ChemicalEntity
Retriever,biolink:affects,biolink:InformationContentEntity,biolink:ClinicalAttribute
Retriever,biolink:located_in,biolink:Disease,biolink:ClinicalAttribute
Retriever,biolink:causes,biolink:PhysicalEntity,biolink:PhenotypicFeature
Retriever,biolink:located_in,biolink:ChemicalEntity,biolink:InformationContentEntity
Retriever,biolink:located_in,biolink:GenomicEntity,biolink:Human
Retriever,biolink:affects,biolink:ComplexMolecularMixture,biolink:Drug
Retriever,biolink:predisposes_to_condition,biolink:Publication,biolink:Disease
Retriever,biolink:related_to,biolink:GrossAnatomicalStructure,biolink:DiseaseOrPhenotypicFeature
Retriever,biolink:treats_or_applied_or_studied_to_treat,biolink:PhenotypicFeature,biolink:Cohort
Retriever,biolink:predisposes_to_condition,biolink:PhenotypicFeature,biolink:ClinicalAttribute
Retriever,biolink:affects,biolink:Protein,biolink:Procedure
Retriever,biolink:treats_or_applied_or_studied_to_treat,biolink:MolecularMixture,biolink:GrossAnatomicalStructure
Retriever,biolink:has_input,biolink:Procedure,biolink:PhenotypicFeature
Retriever,biolink:occurs_in,biolink:Phenomenon,biolink:Agent
Retriever,biolink:produces,biolink:Cell,biolink:Disease
Retriever,biolink:coexists_with,biolink:ChemicalEntity,biolink:GenomicEntity
Retriever,biolink:occurs_in,biolink:Activity,biolink:SmallMolecule
Retriever,biolink:derives_from,biolink:ComplexMolecularMixture,biolink:ChemicalEntity
Retriever,biolink:disrupts,biolink:GenomicEntity,biolink:BiologicalProcess
Retriever,biolink:treats_or_applied_or_studied_to_treat,biolink:PhysicalEntity,biolink:Cohort
Retriever,biolink:coexists_with,biolink:MolecularActivity,biolink:Activity
Retriever,biolink:coexists_with,biolink:MolecularActivity,biolink:NucleicAcidEntity
Retriever,biolink:disrupts,biolink:MolecularMixture,biolink:GrossAnatomicalStructure
Retriever,biolink:located_in,biolink:Drug,biolink:Agent
Retriever,biolink:related_to,biolink:AnatomicalEntity,biolink:Procedure
Retriever,biolink:affects,biolink:MolecularActivity,biolink:Cohort
Retriever,biolink:affects,biolink:Activity,biolink:AnatomicalEntity
Retriever,biolink:located_in,biolink:Behavior,biolink:AnatomicalEntity
Retriever,biolink:predisposes_to_condition,biolink:InformationContentEntity,biolink:InformationContentEntity
Retriever,biolink:has_part,biolink:NucleicAcidEntity,biolink:GenomicEntity
Retriever,biolink:has_part,biolink:GenomicEntity,biolink:NucleicAcidEntity
Retriever,biolink:interacts_with,biolink:Gene,biolink:PhenotypicFeature
Retriever,biolink:has_input,biolink:Behavior,biolink:ChemicalEntity
Retriever,biolink:affects,biolink:PhenotypicFeature,biolink:ClinicalAttribute
Retriever,biolink:interacts_with,biolink:Cell,biolink:GenomicEntity
Retriever,biolink:affects,biolink:Polypeptide,biolink:Activity
Retriever,biolink:precedes,biolink:Drug,biolink:Procedure
Retriever,biolink:treats_or_applied_or_studied_to_treat,biolink:Behavior,biolink:PhenotypicFeature
Retriever,biolink:located_in,biolink:MolecularMixture,biolink:PopulationOfIndividualOrganisms
Retriever,biolink:affects,biolink:PhenotypicFeature,biolink:Drug
Retriever,biolink:produces,biolink:InformationContentEntity,biolink:Drug
Retriever,biolink:produces,biolink:InformationContentEntity,biolink:SmallMolecule
Retriever,biolink:coexists_with,biolink:ChemicalEntity,biolink:PhysicalEntity
Retriever,biolink:interacts_with,biolink:OrganismTaxon,biolink:PhenotypicFeature
Retriever,biolink:interacts_with,biolink:PhysicalEntity,biolink:Drug
Retriever,biolink:related_to,biolink:NucleicAcidEntity,biolink:AnatomicalEntity
Retriever,biolink:has_part,biolink:PhenotypicFeature,biolink:SmallMolecule
Retriever,biolink:affects,biolink:GenomicEntity,biolink:Drug
Retriever,biolink:affects,biolink:GenomicEntity,biolink:SmallMolecule
Retriever,biolink:disrupts,biolink:PhenotypicFeature,biolink:AnatomicalEntity
Retriever,biolink:occurs_in,biolink:OrganismTaxon,biolink:InformationContentEntity
Retriever,biolink:produces,biolink:OrganismTaxon,biolink:MolecularMixture
Retriever,biolink:interacts_with,biolink:PopulationOfIndividualOrganisms,biolink:OrganismTaxon
Retriever,biolink:related_to,biolink:ChemicalEntity,biolink:BiologicalProcess
Retriever,biolink:has_part,biolink:Agent,biolink:Gene
Retriever,biolink:occurs_in,biolink:Procedure,biolink:Cohort
Retriever,biolink:has_part,biolink:PhenotypicFeature,biolink:NucleicAcidEntity
Retriever,biolink:causes,biolink:Phenomenon,biolink:BiologicalProcess
Retriever,biolink:located_in,biolink:GrossAnatomicalStructure,biolink:Cell
Retriever,biolink:exacerbates_condition,biolink:SmallMolecule,biolink:PhenotypicFeature
Retriever,biolink:produces,biolink:GenomicEntity,biolink:ChemicalEntity
Retriever,biolink:has_input,biolink:Gene,biolink:Drug
Retriever,biolink:has_input,biolink:Gene,biolink:SmallMolecule
Retriever,biolink:affects,biolink:MolecularActivity,biolink:MolecularMixture
Retriever,biolink:interacts_with,biolink:Gene,biolink:ComplexMolecularMixture
Retriever,biolink:affects,biolink:Phenomenon,biolink:ChemicalEntity
Retriever,biolink:interacts_with,biolink:Cell,biolink:MolecularMixture
Retriever,biolink:has_part,biolink:Protein,biolink:CellularComponent
Retriever,biolink:located_in,biolink:Disease,biolink:MolecularMixture
Retriever,biolink:affects,biolink:Gene,biolink:Behavior
Retriever,biolink:interacts_with,biolink:Drug,biolink:NucleicAcidEntity
Retriever,biolink:precedes,biolink:Procedure,biolink:AnatomicalEntity
Retriever,biolink:located_in,biolink:NucleicAcidEntity,biolink:Agent
Retriever,biolink:occurs_in,biolink:MolecularActivity,biolink:Agent
Retriever,biolink:coexists_with,biolink:Activity,biolink:MolecularActivity
Retriever,biolink:occurs_in,biolink:Disease,biolink:GenomicEntity
Retriever,biolink:interacts_with,biolink:CellularComponent,biolink:OrganismTaxon
Retriever,biolink:affects,biolink:Phenomenon,biolink:SmallMolecule
Retriever,biolink:affects,biolink:Disease,biolink:Human
Retriever,biolink:affects,biolink:Drug,biolink:PhysiologicalProcess
Retriever,biolink:close_match,biolink:Protein,biolink:Procedure
Retriever,biolink:produces,biolink:Activity,biolink:Drug
Retriever,biolink:produces,biolink:Activity,biolink:SmallMolecule
Retriever,biolink:affects,biolink:Polypeptide,biolink:MolecularMixture
Retriever,biolink:located_in,biolink:ChemicalMixture,biolink:OrganismTaxon
Retriever,biolink:produces,biolink:BiologicalEntity,biolink:Drug
Retriever,biolink:produces,biolink:BiologicalEntity,biolink:SmallMolecule
Retriever,biolink:coexists_with,biolink:GenomicEntity,biolink:Polypeptide
Retriever,biolink:affects,biolink:PhenotypicFeature,biolink:BiologicalEntity
Retriever,biolink:located_in,biolink:PhenotypicFeature,biolink:ClinicalAttribute
Retriever,biolink:interacts_with,biolink:GenomicEntity,biolink:Gene
Retriever,biolink:affects,biolink:Activity,biolink:InformationContentEntity
Retriever,biolink:produces,biolink:BiologicalEntity,biolink:Gene
Retriever,biolink:produces,biolink:Disease,biolink:NucleicAcidEntity
Retriever,biolink:predisposes_to_condition,biolink:SmallMolecule,biolink:AnatomicalEntity
Retriever,biolink:has_part,biolink:InformationContentEntity,biolink:ChemicalEntity
Retriever,biolink:coexists_with,biolink:NucleicAcidEntity,biolink:CellularComponent
Retriever,biolink:treats_or_applied_or_studied_to_treat,biolink:NucleicAcidEntity,biolink:Cell
Retriever,biolink:interacts_with,biolink:NucleicAcidEntity,biolink:NucleicAcidEntity
Retriever,biolink:occurs_in,biolink:Procedure,biolink:GrossAnatomicalStructure
Retriever,biolink:related_to,biolink:MolecularActivity,biolink:Drug
Retriever,biolink:related_to,biolink:MolecularActivity,biolink:SmallMolecule
Retriever,biolink:interacts_with,biolink:MolecularMixture,biolink:PhysicalEntity
Retriever,biolink:related_to,biolink:PhenotypicFeature,biolink:GenomicEntity
Retriever,biolink:disrupts,biolink:MolecularMixture,biolink:AnatomicalEntity
Retriever,biolink:treats_or_applied_or_studied_to_treat,biolink:NucleicAcidEntity,biolink:Cohort
Retriever,biolink:coexists_with,biolink:OrganismTaxon,biolink:SmallMolecule
Retriever,biolink:diagnoses,biolink:Procedure,biolink:ClinicalAttribute
Retriever,biolink:has_input,biolink:InformationContentEntity,biolink:PhysicalEntity
Retriever,biolink:affects,biolink:Disease,biolink:MolecularMixture
Retriever,biolink:coexists_with,biolink:Drug,biolink:PhysicalEntity
Retriever,biolink:coexists_with,biolink:Drug,biolink:InformationContentEntity
Retriever,biolink:coexists_with,biolink:SmallMolecule,biolink:InformationContentEntity
Retriever,biolink:located_in,biolink:Gene,biolink:Drug
Retriever,biolink:has_part,biolink:Cell,biolink:GenomicEntity
Retriever,biolink:affects,biolink:Polypeptide,biolink:InformationContentEntity
Retriever,biolink:interacts_with,biolink:ComplexMolecularMixture,biolink:Gene
Retriever,biolink:affects,biolink:Polypeptide,biolink:Procedure
Retriever,biolink:coexists_with,biolink:InformationContentEntity,biolink:ClinicalAttribute
Retriever,biolink:derives_from,biolink:MolecularMixture,biolink:ComplexMolecularMixture
Retriever,biolink:has_input,biolink:Device,biolink:ComplexMolecularMixture
Retriever,biolink:occurs_in,biolink:Event,biolink:PopulationOfIndividualOrganisms
Retriever,biolink:coexists_with,biolink:InformationContentEntity,biolink:Activity
Retriever,biolink:has_part,biolink:InformationContentEntity,biolink:Gene
Retriever,biolink:affects,biolink:Publication,biolink:ChemicalEntity
Retriever,biolink:located_in,biolink:PhenotypicFeature,biolink:OrganismTaxon
Retriever,biolink:manifestation_of,biolink:Behavior,biolink:Disease
Retriever,biolink:has_part,biolink:ChemicalEntity,biolink:AnatomicalEntity
Retriever,biolink:precedes,biolink:Procedure,biolink:MolecularActivity
Retriever,biolink:predisposes_to_condition,biolink:MolecularActivity,biolink:Disease
Retriever,biolink:interacts_with,biolink:Drug,biolink:InformationContentEntity
Retriever,biolink:interacts_with,biolink:SmallMolecule,biolink:InformationContentEntity
Retriever,biolink:interacts_with,biolink:PopulationOfIndividualOrganisms,biolink:PopulationOfIndividualOrganisms
Retriever,biolink:treats_or_applied_or_studied_to_treat,biolink:Activity,biolink:ClinicalAttribute
Retriever,biolink:related_to,biolink:Disease,biolink:Activity
Retriever,biolink:occurs_in,biolink:Event,biolink:Cohort
Retriever,biolink:coexists_with,biolink:Phenomenon,biolink:Activity
Retriever,biolink:occurs_in,biolink:InformationContentEntity,biolink:Human
Retriever,biolink:affects,biolink:Drug,biolink:ComplexMolecularMixture
Retriever,biolink:has_input,biolink:InformationContentEntity,biolink:MolecularMixture
Retriever,biolink:causes,biolink:MolecularMixture,biolink:AnatomicalEntity
Retriever,biolink:affects,biolink:Activity,biolink:Phenomenon
Retriever,biolink:affects,biolink:ChemicalMixture,biolink:Disease
Retriever,biolink:coexists_with,biolink:MolecularMixture,biolink:Polypeptide
Retriever,biolink:occurs_in,biolink:Activity,biolink:Gene
Retriever,biolink:coexists_with,biolink:ComplexMolecularMixture,biolink:ComplexMolecularMixture
Retriever,biolink:interacts_with,biolink:Publication,biolink:Drug
Retriever,biolink:treats_or_applied_or_studied_to_treat,biolink:ChemicalEntity,biolink:InformationContentEntity
Retriever,biolink:predisposes_to_condition,biolink:PhenotypicFeature,biolink:Behavior
Retriever,biolink:coexists_with,biolink:Activity,biolink:Procedure
Retriever,biolink:causes,biolink:Polypeptide,biolink:InformationContentEntity
Retriever,biolink:causes,biolink:ChemicalMixture,biolink:InformationContentEntity
Retriever,biolink:coexists_with,biolink:ChemicalEntity,biolink:PhenotypicFeature
Retriever,biolink:derives_from,biolink:Drug,biolink:Polypeptide
Retriever,biolink:derives_from,biolink:Polypeptide,biolink:SmallMolecule
Retriever,biolink:has_part,biolink:GrossAnatomicalStructure,biolink:Procedure
Retriever,biolink:interacts_with,biolink:Gene,biolink:ChemicalMixture
Retriever,biolink:disrupts,biolink:Protein,biolink:Activity
Retriever,biolink:causes,biolink:ClinicalAttribute,biolink:Disease
Retriever,biolink:interacts_with,biolink:PhenotypicFeature,biolink:Drug
Retriever,biolink:coexists_with,biolink:Phenomenon,biolink:InformationContentEntity
Retriever,biolink:located_in,biolink:InformationContentEntity,biolink:OrganismTaxon
Retriever,biolink:occurs_in,biolink:InformationContentEntity,biolink:OrganismTaxon
Retriever,biolink:interacts_with,biolink:Drug,biolink:MolecularActivity
Retriever,biolink:interacts_with,biolink:SmallMolecule,biolink:MolecularActivity
Retriever,biolink:treats_or_applied_or_studied_to_treat,biolink:Activity,biolink:AnatomicalEntity
Retriever,biolink:coexists_with,biolink:NucleicAcidEntity,biolink:PhenotypicFeature
Retriever,biolink:precedes,biolink:PhenotypicFeature,biolink:Activity
Retriever,biolink:produces,biolink:MolecularActivity,biolink:ChemicalEntity
Retriever,biolink:causes,biolink:MolecularMixture,biolink:Phenomenon
Retriever,biolink:precedes,biolink:InformationContentEntity,biolink:Disease
Retriever,biolink:disrupts,biolink:ChemicalEntity,biolink:AnatomicalEntity
Retriever,biolink:interacts_with,biolink:Phenomenon,biolink:Drug
Retriever,biolink:derives_from,biolink:Polypeptide,biolink:Drug
Retriever,biolink:treats_or_applied_or_studied_to_treat,biolink:Protein,biolink:BiologicalEntity
Retriever,biolink:interacts_with,biolink:InformationContentEntity,biolink:Drug
Retriever,biolink:diagnoses,biolink:Device,biolink:Disease
Retriever,biolink:located_in,biolink:InformationContentEntity,biolink:CellularComponent
Retriever,biolink:affects,biolink:GenomicEntity,biolink:DiseaseOrPhenotypicFeature
Retriever,biolink:related_to,biolink:Gene,biolink:AnatomicalEntity
Retriever,biolink:affects,biolink:Gene,biolink:GenomicEntity
Retriever,biolink:interacts_with,biolink:Gene,biolink:InformationContentEntity
Retriever,biolink:has_part,biolink:Human,biolink:SmallMolecule
Retriever,biolink:produces,biolink:GenomicEntity,biolink:Drug
Retriever,biolink:produces,biolink:GenomicEntity,biolink:SmallMolecule
Retriever,biolink:affects,biolink:GrossAnatomicalStructure,biolink:Behavior
Retriever,biolink:disrupts,biolink:Gene,biolink:Procedure
Retriever,biolink:occurs_in,biolink:ClinicalAttribute,biolink:AnatomicalEntity
Retriever,biolink:diagnoses,biolink:Procedure,biolink:GrossAnatomicalStructure
Retriever,biolink:treats_or_applied_or_studied_to_treat,biolink:Publication,biolink:Cohort
Retriever,biolink:causes,biolink:ComplexMolecularMixture,biolink:Phenomenon
Retriever,biolink:located_in,biolink:MolecularActivity,biolink:MolecularMixture
Retriever,biolink:affects,biolink:ComplexMolecularMixture,biolink:PhenotypicFeature
Retriever,biolink:interacts_with,biolink:InformationContentEntity,biolink:Cohort
Retriever,biolink:interacts_with,biolink:Protein,biolink:InformationContentEntity
Retriever,biolink:interacts_with,biolink:MolecularMixture,biolink:Polypeptide
Retriever,biolink:coexists_with,biolink:InformationContentEntity,biolink:GenomicEntity
Retriever,biolink:coexists_with,biolink:ClinicalAttribute,biolink:Behavior
Retriever,biolink:coexists_with,biolink:Behavior,biolink:Activity
Retriever,biolink:interacts_with,biolink:PhysicalEntity,biolink:ChemicalEntity
Retriever,biolink:precedes,biolink:ChemicalEntity,biolink:Procedure
Retriever,biolink:coexists_with,biolink:PhysicalEntity,biolink:ChemicalEntity
Retriever,biolink:has_input,biolink:ChemicalEntity,biolink:Drug
Retriever,biolink:has_input,biolink:ChemicalEntity,biolink:SmallMolecule
Retriever,biolink:affects,biolink:CellularComponent,biolink:MolecularActivity
Retriever,biolink:occurs_in,biolink:InformationContentEntity,biolink:Disease
Retriever,biolink:produces,biolink:Phenomenon,biolink:AnatomicalEntity
Retriever,biolink:treats_or_applied_or_studied_to_treat,biolink:Procedure,biolink:Gene
Retriever,biolink:predisposes_to_condition,biolink:MolecularMixture,biolink:PhenotypicFeature
Retriever,biolink:located_in,biolink:Activity,biolink:Agent
Retriever,biolink:has_part,biolink:Cohort,biolink:InformationContentEntity
Retriever,biolink:coexists_with,biolink:PopulationOfIndividualOrganisms,biolink:Drug
Retriever,biolink:treats_or_applied_or_studied_to_treat,biolink:Activity,biolink:GrossAnatomicalStructure
Retriever,biolink:occurs_in,biolink:Protein,biolink:Cell
Retriever,biolink:located_in,biolink:OrganismTaxon,biolink:Human
Retriever,biolink:causes,biolink:OrganismTaxon,biolink:InformationContentEntity
Retriever,biolink:interacts_with,biolink:GenomicEntity,biolink:Polypeptide
Retriever,biolink:affects,biolink:MolecularMixture,biolink:InformationContentEntity
Retriever,biolink:affects,biolink:Drug,biolink:GenomicEntity
Retriever,biolink:affects,biolink:SmallMolecule,biolink:GenomicEntity
Retriever,biolink:causes,biolink:Procedure,biolink:ClinicalAttribute
Retriever,biolink:treats_or_applied_or_studied_to_treat,biolink:SmallMolecule,biolink:BiologicalEntity
Retriever,biolink:disrupts,biolink:MolecularMixture,biolink:Phenomenon
Retriever,biolink:has_input,biolink:Procedure,biolink:PopulationOfIndividualOrganisms
Retriever,biolink:causes,biolink:SmallMolecule,biolink:AnatomicalEntity
Retriever,biolink:related_to,biolink:InformationContentEntity,biolink:SmallMolecule
Retriever,biolink:related_to,biolink:Disease,biolink:Phenomenon
Retriever,biolink:disrupts,biolink:Drug,biolink:Procedure
Retriever,biolink:occurs_in,biolink:Activity,biolink:OrganismTaxon
Retriever,biolink:located_in,biolink:ChemicalEntity,biolink:Protein
Retriever,biolink:disrupts,biolink:GenomicEntity,biolink:Cell
Retriever,biolink:affects,biolink:MolecularActivity,biolink:ClinicalAttribute
Retriever,biolink:disrupts,biolink:MolecularActivity,biolink:Cell
Retriever,biolink:located_in,biolink:MolecularActivity,biolink:Polypeptide
Retriever,biolink:located_in,biolink:BiologicalEntity,biolink:Publication
Retriever,biolink:affects,biolink:PhysiologicalProcess,biolink:Protein
Retriever,biolink:manifestation_of,biolink:Behavior,biolink:PhenotypicFeature
Retriever,biolink:predisposes_to_condition,biolink:Disease,biolink:ClinicalAttribute
Retriever,biolink:produces,biolink:MolecularMixture,biolink:Protein
Retriever,biolink:interacts_with,biolink:SmallMolecule,biolink:GenomicEntity
Retriever,biolink:affects,biolink:Drug,biolink:NucleicAcidEntity
Retriever,biolink:has_part,biolink:MolecularMixture,biolink:Polypeptide
Retriever,biolink:located_in,biolink:PhysicalEntity,biolink:GrossAnatomicalStructure
Retriever,biolink:treats_or_applied_or_studied_to_treat,biolink:Drug,biolink:BiologicalEntity
Retriever,biolink:interacts_with,biolink:GenomicEntity,biolink:NucleicAcidEntity
Retriever,biolink:affects,biolink:GenomicEntity,biolink:Phenomenon
Retriever,biolink:interacts_with,biolink:NucleicAcidEntity,biolink:GenomicEntity
Retriever,biolink:coexists_with,biolink:Publication,biolink:Protein
Retriever,biolink:produces,biolink:CellularComponent,biolink:MolecularMixture
Retriever,biolink:coexists_with,biolink:PhenotypicFeature,biolink:GrossAnatomicalStructure
Retriever,biolink:predisposes_to_condition,biolink:Disease,biolink:AnatomicalEntity
Retriever,biolink:located_in,biolink:CellularComponent,biolink:Cohort
Retriever,biolink:affects,biolink:ComplexMolecularMixture,biolink:ComplexMolecularMixture
Retriever,biolink:treats_or_applied_or_studied_to_treat,biolink:Drug,biolink:Procedure
Retriever,biolink:treats_or_applied_or_studied_to_treat,biolink:SmallMolecule,biolink:Procedure
Retriever,biolink:treats_or_applied_or_studied_to_treat,biolink:InformationContentEntity,biolink:PopulationOfIndividualOrganisms
Retriever,biolink:located_in,biolink:Gene,biolink:InformationContentEntity
Retriever,biolink:affects,biolink:ComplexMolecularMixture,biolink:GrossAnatomicalStructure
Retriever,biolink:manifestation_of,biolink:Disease,biolink:MolecularActivity
Retriever,biolink:derives_from,biolink:MolecularMixture,biolink:ChemicalEntity
Retriever,biolink:derives_from,biolink:SmallMolecule,biolink:NucleicAcidEntity
Retriever,biolink:treats_or_applied_or_studied_to_treat,biolink:Activity,biolink:OrganismTaxon
Retriever,biolink:interacts_with,biolink:PhenotypicFeature,biolink:Cell
Retriever,biolink:affects,biolink:GenomicEntity,biolink:GrossAnatomicalStructure
Retriever,biolink:affects,biolink:PhysicalEntity,biolink:ChemicalEntity
Retriever,biolink:diagnoses,biolink:Agent,biolink:PhenotypicFeature
Retriever,biolink:coexists_with,biolink:ChemicalEntity,biolink:CellularComponent
Retriever,biolink:manifestation_of,biolink:Disease,biolink:Activity
Retriever,biolink:produces,biolink:Drug,biolink:MolecularMixture
Retriever,biolink:produces,biolink:SmallMolecule,biolink:MolecularMixture
Retriever,biolink:coexists_with,biolink:ChemicalMixture,biolink:Drug
Retriever,biolink:coexists_with,biolink:ChemicalMixture,biolink:SmallMolecule
Retriever,biolink:located_in,biolink:Phenomenon,biolink:InformationContentEntity
Retriever,biolink:located_in,biolink:OrganismTaxon,biolink:InformationContentEntity
Retriever,biolink:causes,biolink:Disease,biolink:Procedure
Retriever,biolink:affects,biolink:CellularComponent,biolink:Disease
Retriever,biolink:predisposes_to_condition,biolink:GenomicEntity,biolink:PhenotypicFeature
Retriever,biolink:interacts_with,biolink:Drug,biolink:GenomicEntity
Retriever,biolink:disrupts,biolink:Gene,biolink:AnatomicalEntity
Retriever,biolink:coexists_with,biolink:Procedure,biolink:MolecularActivity
Retriever,biolink:affects,biolink:GrossAnatomicalStructure,biolink:Phenomenon
Retriever,biolink:derives_from,biolink:NucleicAcidEntity,biolink:SmallMolecule
Retriever,biolink:related_to,biolink:BiologicalProcess,biolink:Polypeptide
Retriever,biolink:interacts_with,biolink:Phenomenon,biolink:Protein
Retriever,biolink:produces,biolink:Drug,biolink:GenomicEntity
Retriever,biolink:produces,biolink:SmallMolecule,biolink:GenomicEntity
Retriever,biolink:predisposes_to_condition,biolink:NucleicAcidEntity,biolink:Disease
Retriever,biolink:occurs_in,biolink:InformationContentEntity,biolink:BiologicalEntity
Retriever,biolink:close_match,biolink:Drug,biolink:Procedure
Retriever,biolink:produces,biolink:ChemicalEntity,biolink:ComplexMolecularMixture
Retriever,biolink:has_part,biolink:AnatomicalEntity,biolink:ComplexMolecularMixture
Retriever,biolink:coexists_with,biolink:PopulationOfIndividualOrganisms,biolink:Disease
Retriever,biolink:interacts_with,biolink:PhenotypicFeature,biolink:Protein
Retriever,biolink:coexists_with,biolink:Drug,biolink:GenomicEntity
Retriever,biolink:interacts_with,biolink:MolecularMixture,biolink:ComplexMolecularMixture
Retriever,biolink:has_input,biolink:Drug,biolink:Drug
Retriever,biolink:has_input,biolink:Drug,biolink:SmallMolecule
Retriever,biolink:produces,biolink:BiologicalEntity,biolink:AnatomicalEntity
Retriever,biolink:occurs_in,biolink:AnatomicalEntity,biolink:GrossAnatomicalStructure
Retriever,biolink:coexists_with,biolink:AnatomicalEntity,biolink:Phenomenon
Retriever,biolink:causes,biolink:PhenotypicFeature,biolink:Phenomenon
Retriever,biolink:derives_from,biolink:Drug,biolink:ComplexMolecularMixture
Retriever,biolink:derives_from,biolink:SmallMolecule,biolink:ComplexMolecularMixture
Retriever,biolink:interacts_with,biolink:ComplexMolecularMixture,biolink:MolecularMixture
Retriever,biolink:affects,biolink:Activity,biolink:OrganismTaxon
Retriever,biolink:causes,biolink:OrganismTaxon,biolink:Activity
Retriever,biolink:coexists_with,biolink:BiologicalProcess,biolink:PhysiologicalProcess
Retriever,biolink:causes,biolink:Drug,biolink:AnatomicalEntity
Retriever,biolink:located_in,biolink:AnatomicalEntity,biolink:Agent
Retriever,biolink:disrupts,biolink:Protein,biolink:OrganismTaxon
Retriever,biolink:affects,biolink:PhysicalEntity,biolink:Protein
Retriever,biolink:located_in,biolink:GenomicEntity,biolink:Agent
Retriever,biolink:has_part,biolink:Protein,biolink:PhenotypicFeature
Retriever,biolink:has_part,biolink:MolecularMixture,biolink:ComplexMolecularMixture
Retriever,biolink:manifestation_of,biolink:ClinicalAttribute,biolink:Disease
Retriever,biolink:disrupts,biolink:ComplexMolecularMixture,biolink:MolecularActivity
Retriever,biolink:causes,biolink:PhenotypicFeature,biolink:AnatomicalEntity
Retriever,biolink:causes,biolink:Gene,biolink:Procedure
Retriever,biolink:has_part,biolink:Human,biolink:ChemicalEntity
Retriever,biolink:interacts_with,biolink:ChemicalMixture,biolink:Polypeptide
Retriever,biolink:coexists_with,biolink:ClinicalAttribute,biolink:Activity
Retriever,biolink:predisposes_to_condition,biolink:Procedure,biolink:InformationContentEntity
Retriever,biolink:located_in,biolink:AnatomicalEntity,biolink:ClinicalAttribute
Retriever,biolink:has_part,biolink:Cell,biolink:InformationContentEntity
Retriever,biolink:affects,biolink:Cell,biolink:Behavior
Retriever,biolink:located_in,biolink:ChemicalMixture,biolink:Cell
Retriever,biolink:causes,biolink:Procedure,biolink:Procedure
Retriever,biolink:produces,biolink:PhenotypicFeature,biolink:AnatomicalEntity
Retriever,biolink:interacts_with,biolink:Phenomenon,biolink:ChemicalMixture
Retriever,biolink:has_part,biolink:Agent,biolink:GrossAnatomicalStructure
Retriever,biolink:related_to,biolink:AnatomicalEntity,biolink:PopulationOfIndividualOrganisms
Retriever,biolink:causes,biolink:Publication,biolink:PhenotypicFeature
Retriever,biolink:located_in,biolink:Publication,biolink:OrganismTaxon
Retriever,biolink:affects,biolink:Procedure,biolink:Cell
Retriever,biolink:produces,biolink:Procedure,biolink:ClinicalAttribute
Retriever,biolink:coexists_with,biolink:PhenotypicFeature,biolink:NucleicAcidEntity
Retriever,biolink:occurs_in,biolink:GrossAnatomicalStructure,biolink:Cohort
Retriever,biolink:treats_or_applied_or_studied_to_treat,biolink:PopulationOfIndividualOrganisms,biolink:OrganismTaxon
Retriever,biolink:produces,biolink:Gene,biolink:MolecularMixture
Retriever,biolink:produces,biolink:OrganismTaxon,biolink:Polypeptide
Retriever,biolink:coexists_with,biolink:Phenomenon,biolink:MolecularActivity
Retriever,biolink:affects,biolink:Behavior,biolink:Cohort
Retriever,biolink:occurs_in,biolink:ClinicalAttribute,biolink:BiologicalEntity
Retriever,biolink:manifestation_of,biolink:Disease,biolink:GrossAnatomicalStructure
Retriever,biolink:precedes,biolink:PhenotypicFeature,biolink:InformationContentEntity
Retriever,biolink:affects,biolink:ComplexMolecularMixture,biolink:OrganismTaxon
Retriever,biolink:coexists_with,biolink:PhenotypicFeature,biolink:Event
Retriever,biolink:exacerbates_condition,biolink:Gene,biolink:Disease
Retriever,biolink:occurs_in,biolink:Procedure,biolink:Agent
Retriever,biolink:coexists_with,biolink:NucleicAcidEntity,biolink:OrganismTaxon
Retriever,biolink:produces,biolink:ChemicalEntity,biolink:AnatomicalEntity
Retriever,biolink:has_part,biolink:Human,biolink:Disease
Retriever,biolink:disrupts,biolink:GenomicEntity,biolink:PhenotypicFeature
Retriever,biolink:close_match,biolink:Drug,biolink:ChemicalEntity
Retriever,biolink:produces,biolink:ChemicalEntity,biolink:Protein
Retriever,biolink:produces,biolink:ChemicalEntity,biolink:Gene
Retriever,biolink:disrupts,biolink:GenomicEntity,biolink:Phenomenon
Retriever,biolink:exacerbates_condition,biolink:Protein,biolink:PhenotypicFeature
Retriever,biolink:related_to,biolink:Disease,biolink:ClinicalAttribute
Retriever,biolink:affects,biolink:CellularComponent,biolink:PhenotypicFeature
Retriever,biolink:affects,biolink:GenomicEntity,biolink:CellularComponent
Retriever,biolink:treats_or_applied_or_studied_to_treat,biolink:Procedure,biolink:Behavior
Retriever,biolink:affects,biolink:Phenomenon,biolink:Protein
Retriever,biolink:affects,biolink:ClinicalAttribute,biolink:InformationContentEntity
Retriever,biolink:interacts_with,biolink:ChemicalMixture,biolink:NucleicAcidEntity
Retriever,biolink:affects,biolink:MolecularActivity,biolink:Activity
Retriever,biolink:has_part,biolink:Drug,biolink:Polypeptide
Retriever,biolink:treats_or_applied_or_studied_to_treat,biolink:ChemicalMixture,biolink:Disease
Retriever,biolink:manifestation_of,biolink:InformationContentEntity,biolink:PhenotypicFeature
Retriever,biolink:causes,biolink:ClinicalAttribute,biolink:PhenotypicFeature
Retriever,biolink:predisposes_to_condition,biolink:ClinicalAttribute,biolink:ClinicalAttribute
Retriever,biolink:located_in,biolink:Gene,biolink:Disease
Retriever,biolink:affects,biolink:MolecularActivity,biolink:Procedure
Retriever,biolink:located_in,biolink:Gene,biolink:MolecularMixture
Retriever,biolink:related_to,biolink:Behavior,biolink:Disease
Retriever,biolink:affects,biolink:InformationContentEntity,biolink:Gene
Retriever,biolink:causes,biolink:NucleicAcidEntity,biolink:InformationContentEntity
Retriever,biolink:precedes,biolink:Disease,biolink:InformationContentEntity
Retriever,biolink:occurs_in,biolink:Behavior,biolink:InformationContentEntity
Retriever,biolink:located_in,biolink:InformationContentEntity,biolink:Cohort
Retriever,biolink:located_in,biolink:CellularComponent,biolink:OrganismTaxon
Retriever,biolink:affects,biolink:AnatomicalEntity,biolink:InformationContentEntity
Retriever,biolink:produces,biolink:Activity,biolink:Protein
Retriever,biolink:coexists_with,biolink:MolecularActivity,biolink:ChemicalEntity
Retriever,biolink:located_in,biolink:NucleicAcidEntity,biolink:Human
Retriever,biolink:close_match,biolink:Protein,biolink:Drug
Retriever,biolink:occurs_in,biolink:InformationContentEntity,biolink:PhenotypicFeature
Retriever,biolink:coexists_with,biolink:PhenotypicFeature,biolink:Cohort
Retriever,biolink:treats_or_applied_or_studied_to_treat,biolink:ChemicalMixture,biolink:PhenotypicFeature
Retriever,biolink:precedes,biolink:Activity,biolink:Phenomenon
Retriever,biolink:exacerbates_condition,biolink:Phenomenon,biolink:Disease
Retriever,biolink:disrupts,biolink:InformationContentEntity,biolink:Disease
Retriever,biolink:has_part,biolink:MolecularMixture,biolink:NucleicAcidEntity
Retriever,biolink:located_in,biolink:Procedure,biolink:ClinicalAttribute
Retriever,biolink:related_to,biolink:Publication,biolink:PhenotypicFeature
Retriever,biolink:treats_or_applied_or_studied_to_treat,biolink:MolecularActivity,biolink:PhenotypicFeature
Retriever,biolink:produces,biolink:PhenotypicFeature,biolink:MolecularMixture
Retriever,biolink:related_to,biolink:Activity,biolink:ClinicalAttribute
Retriever,biolink:located_in,biolink:Disease,biolink:ChemicalEntity
Retriever,biolink:disrupts,biolink:Polypeptide,biolink:OrganismTaxon
Retriever,biolink:interacts_with,biolink:NucleicAcidEntity,biolink:MolecularMixture
Retriever,biolink:affects,biolink:BiologicalProcess,biolink:PhysiologicalProcess
Retriever,biolink:affects,biolink:Disease,biolink:Polypeptide
Retriever,biolink:affects,biolink:InformationContentEntity,biolink:Drug
Retriever,biolink:has_input,biolink:GrossAnatomicalStructure,biolink:Drug
Retriever,biolink:interacts_with,biolink:Phenomenon,biolink:ChemicalEntity
Retriever,biolink:affects,biolink:InformationContentEntity,biolink:Cohort
Retriever,biolink:manifestation_of,biolink:Disease,biolink:Phenomenon
Retriever,biolink:related_to,biolink:Procedure,biolink:InformationContentEntity
Retriever,biolink:interacts_with,biolink:Cell,biolink:PhenotypicFeature
Retriever,biolink:treats_or_applied_or_studied_to_treat,biolink:Behavior,biolink:GrossAnatomicalStructure
Retriever,biolink:predisposes_to_condition,biolink:Drug,biolink:InformationContentEntity
Retriever,biolink:predisposes_to_condition,biolink:SmallMolecule,biolink:InformationContentEntity
Retriever,biolink:disrupts,biolink:Polypeptide,biolink:Activity
Retriever,biolink:produces,biolink:GenomicEntity,biolink:Gene
Retriever,biolink:affects,biolink:Activity,biolink:Activity
Retriever,biolink:predisposes_to_condition,biolink:PhenotypicFeature,biolink:AnatomicalEntity
Retriever,biolink:occurs_in,biolink:Activity,biolink:GrossAnatomicalStructure
Retriever,biolink:diagnoses,biolink:InformationContentEntity,biolink:BiologicalEntity
Retriever,biolink:interacts_with,biolink:OrganismTaxon,biolink:Agent
Retriever,biolink:precedes,biolink:Disease,biolink:Phenomenon
Retriever,biolink:located_in,biolink:BiologicalEntity,biolink:OrganismTaxon
Retriever,biolink:diagnoses,biolink:Publication,biolink:ClinicalAttribute
Retriever,biolink:affects,biolink:ClinicalAttribute,biolink:Cohort
Retriever,biolink:coexists_with,biolink:Activity,biolink:ClinicalAttribute
Retriever,biolink:treats_or_applied_or_studied_to_treat,biolink:Device,biolink:InformationContentEntity
Retriever,biolink:occurs_in,biolink:Phenomenon,biolink:Human
Retriever,biolink:located_in,biolink:OrganismTaxon,biolink:MolecularMixture
Retriever,biolink:treats_or_applied_or_studied_to_treat,biolink:ChemicalEntity,biolink:AnatomicalEntity
Retriever,biolink:affects,biolink:ClinicalAttribute,biolink:PopulationOfIndividualOrganisms
Retriever,biolink:located_in,biolink:MolecularMixture,biolink:Human
Retriever,biolink:affects,biolink:GenomicEntity,biolink:AnatomicalEntity
Retriever,biolink:predisposes_to_condition,biolink:Procedure,biolink:ClinicalAttribute
Retriever,biolink:affects,biolink:Behavior,biolink:Procedure
Retriever,biolink:coexists_with,biolink:InformationContentEntity,biolink:Gene
Retriever,biolink:affects,biolink:NucleicAcidEntity,biolink:GenomicEntity
Retriever,biolink:coexists_with,biolink:ClinicalAttribute,biolink:Procedure
Retriever,biolink:has_part,biolink:CellularComponent,biolink:ComplexMolecularMixture
Retriever,biolink:produces,biolink:InformationContentEntity,biolink:ComplexMolecularMixture
Retriever,biolink:has_input,biolink:PopulationOfIndividualOrganisms,biolink:PhysicalEntity
Retriever,biolink:located_in,biolink:Disease,biolink:Agent
Retriever,biolink:affects,biolink:Behavior,biolink:PopulationOfIndividualOrganisms
Retriever,biolink:occurs_in,biolink:MolecularActivity,biolink:GenomicEntity
Retriever,biolink:has_part,biolink:Cell,biolink:OrganismTaxon
Retriever,biolink:has_part,biolink:Human,biolink:PhenotypicFeature
Retriever,biolink:related_to,biolink:InformationContentEntity,biolink:Gene
Retriever,biolink:has_part,biolink:Disease,biolink:Cell
Retriever,biolink:predisposes_to_condition,biolink:ChemicalEntity,biolink:InformationContentEntity
Retriever,biolink:manifestation_of,biolink:PhenotypicFeature,biolink:Phenomenon
Retriever,biolink:disrupts,biolink:PhenotypicFeature,biolink:MolecularActivity
Retriever,biolink:located_in,biolink:CellularComponent,biolink:InformationContentEntity
Retriever,biolink:treats_or_applied_or_studied_to_treat,biolink:ChemicalEntity,biolink:Agent
Retriever,biolink:occurs_in,biolink:Procedure,biolink:SmallMolecule
Retriever,biolink:occurs_in,biolink:NucleicAcidEntity,biolink:Cohort
Retriever,biolink:disrupts,biolink:Drug,biolink:Behavior
Retriever,biolink:disrupts,biolink:SmallMolecule,biolink:Behavior
Retriever,biolink:related_to,biolink:InformationContentEntity,biolink:ClinicalAttribute
Retriever,biolink:has_input,biolink:Publication,biolink:PhysicalEntity
Retriever,biolink:derives_from,biolink:ChemicalEntity,biolink:PhysicalEntity
Retriever,biolink:affects,biolink:NucleicAcidEntity,biolink:AnatomicalEntity
Retriever,biolink:located_in,biolink:MolecularMixture,biolink:MolecularMixture
Retriever,biolink:affects,biolink:InformationContentEntity,biolink:SmallMolecule
Retriever,biolink:has_input,biolink:SmallMolecule,biolink:Device
Retriever,biolink:affects,biolink:MolecularMixture,biolink:Procedure
Retriever,biolink:coexists_with,biolink:Activity,biolink:Activity
Retriever,biolink:located_in,biolink:MolecularMixture,biolink:Publication
Retriever,biolink:occurs_in,biolink:BiologicalProcess,biolink:BiologicalProcess
Retriever,biolink:related_to,biolink:Procedure,biolink:MolecularActivity
Retriever,biolink:precedes,biolink:Procedure,biolink:Behavior
Retriever,biolink:affects,biolink:GrossAnatomicalStructure,biolink:InformationContentEntity
Retriever,biolink:treats_or_applied_or_studied_to_treat,biolink:Behavior,biolink:Cohort
Retriever,biolink:affects,biolink:Procedure,biolink:GrossAnatomicalStructure
Retriever,biolink:related_to,biolink:Drug,biolink:GrossAnatomicalStructure
Retriever,biolink:has_part,biolink:OrganismTaxon,biolink:Publication
Retriever,biolink:affects,biolink:Phenomenon,biolink:Cell
Retriever,biolink:located_in,biolink:PhenotypicFeature,biolink:PhysicalEntity
Retriever,biolink:produces,biolink:Disease,biolink:CellularComponent
Retriever,biolink:affects,biolink:Phenomenon,biolink:PopulationOfIndividualOrganisms
Retriever,biolink:occurs_in,biolink:Protein,biolink:GrossAnatomicalStructure
Retriever,biolink:affects,biolink:InformationContentEntity,biolink:PopulationOfIndividualOrganisms
Retriever,biolink:diagnoses,biolink:ChemicalEntity,biolink:OrganismTaxon
Retriever,biolink:exacerbates_condition,biolink:Gene,biolink:PhenotypicFeature
Retriever,biolink:causes,biolink:BiologicalProcess,biolink:Activity
Retriever,biolink:interacts_with,biolink:MolecularActivity,biolink:Polypeptide
Retriever,biolink:occurs_in,biolink:Event,biolink:GrossAnatomicalStructure
Retriever,biolink:related_to,biolink:PhysicalEntity,biolink:Disease
Retriever,biolink:treats_or_applied_or_studied_to_treat,biolink:Polypeptide,biolink:BiologicalEntity
Retriever,biolink:located_in,biolink:Procedure,biolink:PhysicalEntity
Retriever,biolink:affects,biolink:Disease,biolink:Gene
Retriever,biolink:occurs_in,biolink:Procedure,biolink:ChemicalEntity
Retriever,biolink:located_in,biolink:Protein,biolink:Protein
Retriever,biolink:has_part,biolink:Drug,biolink:MolecularMixture
Retriever,biolink:affects,biolink:Procedure,biolink:AnatomicalEntity
Retriever,biolink:located_in,biolink:Phenomenon,biolink:CellularComponent
Retriever,biolink:occurs_in,biolink:Cell,biolink:GrossAnatomicalStructure
Retriever,biolink:related_to,biolink:SmallMolecule,biolink:Procedure
Retriever,biolink:affects,biolink:Drug,biolink:PopulationOfIndividualOrganisms
Retriever,biolink:occurs_in,biolink:Activity,biolink:Drug
Retriever,biolink:has_input,biolink:Device,biolink:Publication
Retriever,biolink:precedes,biolink:PhenotypicFeature,biolink:Phenomenon
Retriever,biolink:affects,biolink:AnatomicalEntity,biolink:Behavior
Retriever,biolink:interacts_with,biolink:MolecularMixture,biolink:OrganismTaxon
Retriever,biolink:located_in,biolink:ChemicalMixture,biolink:GrossAnatomicalStructure
Retriever,biolink:related_to,biolink:ChemicalEntity,biolink:Procedure
Retriever,biolink:causes,biolink:OrganismTaxon,biolink:AnatomicalEntity
Retriever,biolink:related_to,biolink:Drug,biolink:AnatomicalEntity
Retriever,biolink:derives_from,biolink:NucleicAcidEntity,biolink:Protein
Retriever,biolink:has_part,biolink:MolecularMixture,biolink:PhenotypicFeature
Retriever,biolink:has_input,biolink:Activity,biolink:MolecularMixture
Retriever,biolink:precedes,biolink:MolecularActivity,biolink:Disease
Retriever,biolink:produces,biolink:Phenomenon,biolink:Gene
Retriever,biolink:has_part,biolink:Protein,biolink:AnatomicalEntity
Retriever,biolink:affects,biolink:Activity,biolink:ClinicalAttribute
Retriever,biolink:precedes,biolink:Procedure,biolink:MolecularMixture
Retriever,biolink:has_part,biolink:NucleicAcidEntity,biolink:ChemicalEntity
Retriever,biolink:diagnoses,biolink:Procedure,biolink:NucleicAcidEntity
Retriever,biolink:located_in,biolink:MolecularMixture,biolink:InformationContentEntity
Retriever,biolink:close_match,biolink:Procedure,biolink:Drug
Retriever,biolink:disrupts,biolink:Disease,biolink:ClinicalAttribute
Retriever,biolink:has_part,biolink:Human,biolink:InformationContentEntity
Retriever,biolink:disrupts,biolink:PhenotypicFeature,biolink:Disease
Retriever,biolink:located_in,biolink:ChemicalEntity,biolink:Drug
Retriever,biolink:located_in,biolink:ComplexMolecularMixture,biolink:CellularComponent
Retriever,biolink:affects,biolink:PhysiologicalProcess,biolink:OrganismTaxon
Retriever,biolink:located_in,biolink:ChemicalEntity,biolink:Publication
Retriever,biolink:disrupts,biolink:Disease,biolink:Disease
Retriever,biolink:disrupts,biolink:Polypeptide,biolink:Procedure
Retriever,biolink:has_input,biolink:Cohort,biolink:Drug
Retriever,biolink:has_input,biolink:Cohort,biolink:SmallMolecule
Retriever,biolink:treats_or_applied_or_studied_to_treat,biolink:GenomicEntity,biolink:Cell
Retriever,biolink:manifestation_of,biolink:PhenotypicFeature,biolink:BiologicalEntity
Retriever,biolink:has_input,biolink:Procedure,biolink:Cell
Retriever,biolink:occurs_in,biolink:Phenomenon,biolink:BiologicalEntity
Retriever,biolink:predisposes_to_condition,biolink:Drug,biolink:ClinicalAttribute
Retriever,biolink:predisposes_to_condition,biolink:SmallMolecule,biolink:ClinicalAttribute
Retriever,biolink:has_part,biolink:InformationContentEntity,biolink:CellularComponent
Retriever,biolink:affects,biolink:AnatomicalEntity,biolink:Activity
Retriever,biolink:manifestation_of,biolink:PhenotypicFeature,biolink:InformationContentEntity
Retriever,biolink:interacts_with,biolink:ChemicalMixture,biolink:Phenomenon
Retriever,biolink:has_part,biolink:InformationContentEntity,biolink:Disease
Retriever,biolink:affects,biolink:Phenomenon,biolink:Procedure
Retriever,biolink:affects,biolink:NucleicAcidEntity,biolink:OrganismTaxon
Retriever,biolink:predisposes_to_condition,biolink:Protein,biolink:ClinicalAttribute
Retriever,biolink:affects,biolink:Drug,biolink:PhysicalEntity
Retriever,biolink:affects,biolink:SmallMolecule,biolink:PhysicalEntity
Retriever,biolink:affects,biolink:MolecularActivity,biolink:BiologicalEntity
Retriever,biolink:affects,biolink:AnatomicalEntity,biolink:Cohort
Retriever,biolink:affects,biolink:PhysicalEntity,biolink:Disease
Retriever,biolink:treats_or_applied_or_studied_to_treat,biolink:MolecularActivity,biolink:OrganismTaxon
Retriever,biolink:occurs_in,biolink:Procedure,biolink:GenomicEntity
Retriever,biolink:coexists_with,biolink:ChemicalMixture,biolink:ChemicalEntity
Retriever,biolink:affects,biolink:MolecularMixture,biolink:ClinicalAttribute
Retriever,biolink:occurs_in,biolink:AnatomicalEntity,biolink:BiologicalEntity
Retriever,biolink:affects,biolink:InformationContentEntity,biolink:DiseaseOrPhenotypicFeature
Retriever,biolink:causes,biolink:ChemicalEntity,biolink:Gene
Retriever,biolink:affects,biolink:ComplexMolecularMixture,biolink:AnatomicalEntity
Retriever,biolink:has_input,biolink:Procedure,biolink:CellularComponent
Retriever,biolink:precedes,biolink:GrossAnatomicalStructure,biolink:Disease
Retriever,biolink:has_part,biolink:PhenotypicFeature,biolink:Drug
Retriever,biolink:has_part,biolink:GenomicEntity,biolink:Drug
Retriever,biolink:derives_from,biolink:Protein,biolink:GenomicEntity
Retriever,biolink:has_part,biolink:Disease,biolink:InformationContentEntity
Retriever,biolink:coexists_with,biolink:InformationContentEntity,biolink:InformationContentEntity
Retriever,biolink:disrupts,biolink:ChemicalEntity,biolink:Procedure
Retriever,biolink:diagnoses,biolink:PhenotypicFeature,biolink:OrganismTaxon
Retriever,biolink:has_input,biolink:Drug,biolink:ChemicalEntity
Retriever,biolink:has_input,biolink:SmallMolecule,biolink:ChemicalEntity
Retriever,biolink:manifestation_of,biolink:InformationContentEntity,biolink:MolecularActivity
Retriever,biolink:disrupts,biolink:InformationContentEntity,biolink:PhenotypicFeature
Retriever,biolink:coexists_with,biolink:Behavior,biolink:ClinicalAttribute
Retriever,biolink:located_in,biolink:InformationContentEntity,biolink:ClinicalAttribute
Retriever,biolink:treats_or_applied_or_studied_to_treat,biolink:Activity,biolink:InformationContentEntity
Retriever,biolink:related_to,biolink:PhenotypicFeature,biolink:MolecularMixture
Retriever,biolink:has_input,biolink:Protein,biolink:Drug
Retriever,biolink:has_input,biolink:Protein,biolink:SmallMolecule
Retriever,biolink:treats_or_applied_or_studied_to_treat,biolink:MolecularActivity,biolink:Cohort
Retriever,biolink:causes,biolink:MolecularActivity,biolink:Phenomenon
Retriever,biolink:affects,biolink:GrossAnatomicalStructure,biolink:Activity
Retriever,biolink:located_in,biolink:PhenotypicFeature,biolink:Agent
Retriever,biolink:disrupts,biolink:ComplexMolecularMixture,biolink:Phenomenon
Retriever,biolink:exacerbates_condition,biolink:Procedure,biolink:Activity
Retriever,biolink:has_part,biolink:CellularComponent,biolink:OrganismTaxon
Retriever,biolink:causes,biolink:Protein,biolink:Behavior
Retriever,biolink:causes,biolink:GenomicEntity,biolink:PhenotypicFeature
Retriever,biolink:disrupts,biolink:Drug,biolink:PhysiologicalProcess
Retriever,biolink:derives_from,biolink:SmallMolecule,biolink:PhysicalEntity
Retriever,biolink:located_in,biolink:PhenotypicFeature,biolink:Disease
Retriever,biolink:located_in,biolink:Device,biolink:GrossAnatomicalStructure
Retriever,biolink:causes,biolink:Gene,biolink:Activity
Retriever,biolink:occurs_in,biolink:InformationContentEntity,biolink:Gene
Retriever,biolink:occurs_in,biolink:InformationContentEntity,biolink:Protein
Retriever,biolink:predisposes_to_condition,biolink:Phenomenon,biolink:PhenotypicFeature
Retriever,biolink:interacts_with,biolink:Polypeptide,biolink:ChemicalMixture
Retriever,biolink:precedes,biolink:Disease,biolink:ClinicalAttribute
Retriever,biolink:coexists_with,biolink:ClinicalAttribute,biolink:InformationContentEntity
Retriever,biolink:disrupts,biolink:Gene,biolink:Activity
Retriever,biolink:coexists_with,biolink:CellularComponent,biolink:Protein
Retriever,biolink:coexists_with,biolink:CellularComponent,biolink:Gene
Retriever,biolink:occurs_in,biolink:PhenotypicFeature,biolink:Behavior
Retriever,biolink:close_match,biolink:ChemicalEntity,biolink:Drug
Retriever,biolink:interacts_with,biolink:MolecularActivity,biolink:Gene
Retriever,biolink:close_match,biolink:Procedure,biolink:InformationContentEntity
Retriever,biolink:produces,biolink:MolecularActivity,biolink:Polypeptide
Retriever,biolink:related_to,biolink:InformationContentEntity,biolink:Drug
Retriever,biolink:interacts_with,biolink:ChemicalEntity,biolink:MolecularActivity
Retriever,biolink:interacts_with,biolink:ChemicalMixture,biolink:PhysicalEntity
Retriever,biolink:occurs_in,biolink:Cell,biolink:Cohort
Retriever,biolink:has_part,biolink:PopulationOfIndividualOrganisms,biolink:MolecularMixture
Retriever,biolink:occurs_in,biolink:PopulationOfIndividualOrganisms,biolink:GrossAnatomicalStructure
Retriever,biolink:treats_or_applied_or_studied_to_treat,biolink:Cell,biolink:Disease
Retriever,biolink:coexists_with,biolink:InformationContentEntity,biolink:Phenomenon
Retriever,biolink:has_part,biolink:SmallMolecule,biolink:Gene
Retriever,biolink:coexists_with,biolink:Event,biolink:Disease
Retriever,biolink:predisposes_to_condition,biolink:Gene,biolink:InformationContentEntity
Retriever,biolink:predisposes_to_condition,biolink:Drug,biolink:Event
Retriever,biolink:predisposes_to_condition,biolink:SmallMolecule,biolink:Event
Retriever,biolink:has_part,biolink:Human,biolink:Drug
Retriever,biolink:coexists_with,biolink:Publication,biolink:ChemicalEntity
Retriever,biolink:affects,biolink:GrossAnatomicalStructure,biolink:Cohort
Retriever,biolink:has_part,biolink:Cohort,biolink:ComplexMolecularMixture
Retriever,biolink:occurs_in,biolink:DiseaseOrPhenotypicFeature,biolink:InformationContentEntity
Retriever,biolink:occurs_in,biolink:Phenomenon,biolink:Drug
Retriever,biolink:occurs_in,biolink:Phenomenon,biolink:SmallMolecule
Retriever,biolink:close_match,biolink:Protein,biolink:SmallMolecule
Retriever,biolink:located_in,biolink:PhysiologicalProcess,biolink:CellularComponent
Retriever,biolink:produces,biolink:SmallMolecule,biolink:PhenotypicFeature
Retriever,biolink:located_in,biolink:MolecularActivity,biolink:InformationContentEntity
Retriever,biolink:located_in,biolink:ComplexMolecularMixture,biolink:Cohort
Retriever,biolink:interacts_with,biolink:PopulationOfIndividualOrganisms,biolink:Agent
Retriever,biolink:treats_or_applied_or_studied_to_treat,biolink:Protein,biolink:Gene
Retriever,biolink:precedes,biolink:Activity,biolink:ClinicalAttribute
Retriever,biolink:has_part,biolink:Protein,biolink:ComplexMolecularMixture
Retriever,biolink:related_to,biolink:NucleicAcidEntity,biolink:InformationContentEntity
Retriever,biolink:related_to,biolink:MolecularMixture,biolink:ClinicalAttribute
Retriever,biolink:occurs_in,biolink:PhysiologicalProcess,biolink:OrganismTaxon
Retriever,biolink:disrupts,biolink:GenomicEntity,biolink:MolecularActivity
Retriever,biolink:related_to,biolink:GrossAnatomicalStructure,biolink:InformationContentEntity
Retriever,biolink:affects,biolink:Drug,biolink:Event
Retriever,biolink:affects,biolink:SmallMolecule,biolink:Event
Retriever,biolink:has_part,biolink:ChemicalEntity,biolink:CellularComponent
Retriever,biolink:disrupts,biolink:NucleicAcidEntity,biolink:GrossAnatomicalStructure
Retriever,biolink:derives_from,biolink:Polypeptide,biolink:Protein
Retriever,biolink:located_in,biolink:NucleicAcidEntity,biolink:Disease
Retriever,biolink:affects,biolink:NucleicAcidEntity,biolink:InformationContentEntity
Retriever,biolink:has_input,biolink:Phenomenon,biolink:Drug
Retriever,biolink:related_to,biolink:Polypeptide,biolink:InformationContentEntity
Retriever,biolink:has_part,biolink:Cohort,biolink:OrganismTaxon
Retriever,biolink:affects,biolink:ComplexMolecularMixture,biolink:DiseaseOrPhenotypicFeature
Retriever,biolink:treats_or_applied_or_studied_to_treat,biolink:Drug,biolink:Agent
Retriever,biolink:produces,biolink:OrganismTaxon,biolink:AnatomicalEntity
Retriever,biolink:related_to,biolink:AnatomicalEntity,biolink:Activity
Retriever,biolink:has_input,biolink:InformationContentEntity,biolink:Gene
Retriever,biolink:derives_from,biolink:Gene,biolink:OrganismTaxon
Retriever,biolink:diagnoses,biolink:PhenotypicFeature,biolink:AnatomicalEntity
Retriever,biolink:disrupts,biolink:MolecularMixture,biolink:InformationContentEntity
Retriever,biolink:derives_from,biolink:Drug,biolink:PhysicalEntity
Retriever,biolink:produces,biolink:MolecularMixture,biolink:AnatomicalEntity
Retriever,biolink:precedes,biolink:MolecularActivity,biolink:Activity
Retriever,biolink:diagnoses,biolink:PhenotypicFeature,biolink:ClinicalAttribute
Retriever,biolink:located_in,biolink:Procedure,biolink:PhenotypicFeature
Retriever,biolink:treats_or_applied_or_studied_to_treat,biolink:Device,biolink:Agent
Retriever,biolink:treats_or_applied_or_studied_to_treat,biolink:Behavior,biolink:PopulationOfIndividualOrganisms
Retriever,biolink:close_match,biolink:Protein,biolink:Protein
Retriever,biolink:close_match,biolink:Gene,biolink:Protein
Retriever,biolink:affects,biolink:ClinicalAttribute,biolink:ClinicalAttribute
Retriever,biolink:produces,biolink:ClinicalAttribute,biolink:AnatomicalEntity
Retriever,biolink:disrupts,biolink:ChemicalEntity,biolink:ClinicalAttribute
Retriever,biolink:has_input,biolink:Procedure,biolink:AnatomicalEntity
Retriever,biolink:has_part,biolink:AnatomicalEntity,biolink:OrganismTaxon
Retriever,biolink:affects,biolink:MolecularMixture,biolink:DiseaseOrPhenotypicFeature
Retriever,biolink:close_match,biolink:ComplexMolecularMixture,biolink:Protein
Retriever,biolink:coexists_with,biolink:MolecularActivity,biolink:AnatomicalEntity
Retriever,biolink:causes,biolink:NucleicAcidEntity,biolink:Activity
Retriever,biolink:contributes_to,biolink:Drug,biolink:Disease
Retriever,biolink:contributes_to,biolink:ChemicalEntity,biolink:Disease
Retriever,biolink:contributes_to,biolink:ChemicalEntity,biolink:PhenotypicFeature
Retriever,biolink:subclass_of,biolink:Drug,biolink:SmallMolecule
Retriever,biolink:subclass_of,biolink:SmallMolecule,biolink:Drug
Retriever,biolink:subclass_of,biolink:AnatomicalEntity,biolink:Disease
Retriever,biolink:subclass_of,biolink:Drug,biolink:MolecularMixture
Retriever,biolink:subclass_of,biolink:Drug,biolink:ChemicalMixture
Retriever,biolink:subclass_of,biolink:ChemicalEntity,biolink:Drug
Retriever,biolink:subclass_of,biolink:AnatomicalEntity,biolink:PhenotypicFeature
Retriever,biolink:subclass_of,biolink:MolecularMixture,biolink:Drug
Retriever,biolink:subclass_of,biolink:CellularComponent,biolink:Cell
Retriever,biolink:subclass_of,biolink:Drug,biolink:Protein
Retriever,biolink:subclass_of,biolink:GrossAnatomicalStructure,biolink:Disease
Retriever,biolink:subclass_of,biolink:Gene,biolink:Gene
Retriever,biolink:subclass_of,biolink:OrganismTaxon,biolink:AnatomicalEntity
Retriever,biolink:correlated_with,biolink:ComplexMolecularMixture,biolink:Disease
Retriever,biolink:correlated_with,biolink:ComplexMolecularMixture,biolink:PhenotypicFeature
Retriever,biolink:expressed_in,biolink:Protein,biolink:AnatomicalEntity
Retriever,biolink:expressed_in,biolink:Protein,biolink:CellularComponent
Retriever,biolink:expressed_in,biolink:Protein,biolink:GrossAnatomicalStructure
Retriever,biolink:directly_physically_interacts_with,biolink:Drug,biolink:Protein
Retriever,biolink:directly_physically_interacts_with,biolink:Drug,biolink:Gene
Retriever,biolink:has_metabolite,biolink:Drug,biolink:SmallMolecule
Retriever,biolink:has_metabolite,biolink:Drug,biolink:ChemicalEntity
Retriever,biolink:has_metabolite,biolink:Drug,biolink:MolecularMixture
Retriever,biolink:has_metabolite,biolink:Drug,biolink:Drug
Retriever,biolink:has_metabolite,biolink:SmallMolecule,biolink:Drug
Retriever,biolink:has_metabolite,biolink:MolecularMixture,biolink:Drug
Retriever,biolink:affects,biolink:Protein,biolink:Drug
Retriever,biolink:affects,biolink:Gene,biolink:Drug
Retriever,biolink:interacts_with,biolink:Drug,biolink:Protein
Retriever,biolink:interacts_with,biolink:Drug,biolink:Gene
Retriever,biolink:positively_correlated_with,biolink:MolecularMixture,biolink:Disease
Retriever,biolink:affects,biolink:ChemicalEntity,biolink:BiologicalProcess
Retriever,biolink:affects,biolink:Drug,biolink:BiologicalProcess
Retriever,biolink:affects,biolink:Drug,biolink:MolecularActivity
Retriever,biolink:correlated_with,biolink:MolecularMixture,biolink:PhenotypicFeature
Retriever,biolink:treats_or_applied_or_studied_to_treat,biolink:MolecularMixture,biolink:PhenotypicFeature
Retriever,biolink:affects,biolink:Drug,biolink:Pathway
Retriever,biolink:affects,biolink:ComplexMolecularMixture,biolink:MolecularActivity
Retriever,biolink:affects,biolink:Protein,biolink:Pathway
Retriever,biolink:affects,biolink:Gene,biolink:BiologicalProcess
Retriever,biolink:treats_or_applied_or_studied_to_treat,biolink:ComplexMolecularMixture,biolink:PhenotypicFeature
Retriever,biolink:affects,biolink:ChemicalEntity,biolink:Pathway
Retriever,biolink:affects,biolink:Drug,biolink:CellularComponent
Retriever,biolink:affects,biolink:ComplexMolecularMixture,biolink:Pathway
Retriever,biolink:negatively_correlated_with,biolink:Protein,biolink:PhenotypicFeature
Retriever,biolink:in_clinical_trials_for,biolink:ChemicalEntity,biolink:PhenotypicFeature
Retriever,biolink:in_clinical_trials_for,biolink:ChemicalEntity,biolink:Disease
Retriever,biolink:in_clinical_trials_for,biolink:MolecularMixture,biolink:Disease
Retriever,biolink:in_clinical_trials_for,biolink:MolecularMixture,biolink:PhenotypicFeature
Retriever,biolink:applied_to_treat,biolink:Drug,biolink:PhenotypicFeature
Retriever,biolink:contraindicated_in,biolink:Drug,biolink:PhenotypicFeature
Retriever,biolink:contraindicated_in,biolink:Drug,biolink:Disease
Retriever,biolink:contraindicated_in,biolink:MolecularMixture,biolink:Disease
Retriever,biolink:gene_associated_with_condition,biolink:Protein,biolink:Disease
Retriever,biolink:gene_associated_with_condition,biolink:Protein,biolink:PhenotypicFeature
Retriever,biolink:gene_associated_with_condition,biolink:Protein,biolink:Procedure
Retriever,biolink:gene_associated_with_condition,biolink:Gene,biolink:Procedure
Retriever,biolink:gene_associated_with_condition,biolink:Protein,biolink:ChemicalEntity
Retriever,biolink:gene_associated_with_condition,biolink:Gene,biolink:ChemicalEntity
Retriever,biolink:gene_associated_with_condition,biolink:Protein,biolink:InformationContentEntity
Retriever,biolink:gene_associated_with_condition,biolink:Gene,biolink:InformationContentEntity
Retriever,biolink:gene_associated_with_condition,biolink:Protein,biolink:SmallMolecule
Retriever,biolink:gene_associated_with_condition,biolink:Gene,biolink:SmallMolecule
Retriever,biolink:gene_associated_with_condition,biolink:Protein,biolink:ClinicalAttribute
Retriever,biolink:gene_associated_with_condition,biolink:Gene,biolink:ClinicalAttribute
Retriever,biolink:gene_associated_with_condition,biolink:Protein,biolink:AnatomicalEntity
Retriever,biolink:gene_associated_with_condition,biolink:Gene,biolink:AnatomicalEntity
Retriever,biolink:related_to,biolink:Protein,biolink:Gene
Retriever,biolink:related_to,biolink:Gene,biolink:Protein
Retriever,biolink:causes,biolink:Protein,biolink:Gene
Retriever,biolink:has_part,biolink:Protein,biolink:Gene
Retriever,biolink:has_part,biolink:Gene,biolink:Protein
Retriever,biolink:related_to,biolink:Gene,biolink:CellularComponent
Retriever,biolink:has_input,biolink:Protein,biolink:Protein
Retriever,biolink:has_input,biolink:Gene,biolink:Protein
Retriever,biolink:contributes_to,biolink:Protein,biolink:MolecularActivity
Retriever,biolink:contributes_to,biolink:Gene,biolink:MolecularActivity
Retriever,biolink:colocalizes_with,biolink:Protein,biolink:CellularComponent
Retriever,biolink:correlated_with,biolink:InformationContentEntity,biolink:PhenotypicFeature
Retriever,biolink:correlated_with,biolink:Device,biolink:Disease
Retriever,biolink:correlated_with,biolink:Protein,biolink:Device
Retriever,biolink:correlated_with,biolink:Disease,biolink:Phenomenon
Retriever,biolink:negatively_correlated_with,biolink:InformationContentEntity,biolink:PhenotypicFeature
Retriever,biolink:correlated_with,biolink:Phenomenon,biolink:PhenotypicFeature
Retriever,biolink:correlated_with,biolink:Device,biolink:Drug
Retriever,biolink:correlated_with,biolink:Device,biolink:PhenotypicFeature
Retriever,biolink:correlated_with,biolink:InformationContentEntity,biolink:Protein
Retriever,biolink:positively_correlated_with,biolink:Protein,biolink:PhenotypicFeature
Retriever,biolink:positively_correlated_with,biolink:PhenotypicFeature,biolink:Protein
Retriever,biolink:correlated_with,biolink:Disease,biolink:Device
Retriever,biolink:correlated_with,biolink:Phenomenon,biolink:Disease
Retriever,biolink:negatively_correlated_with,biolink:Protein,biolink:Protein
Retriever,biolink:correlated_with,biolink:PhenotypicFeature,biolink:Device
Retriever,biolink:correlated_with,biolink:PhenotypicFeature,biolink:Phenomenon
Retriever,biolink:negatively_correlated_with,biolink:PhenotypicFeature,biolink:Protein
Retriever,biolink:negatively_correlated_with,biolink:Device,biolink:Protein
Retriever,biolink:positively_correlated_with,biolink:InformationContentEntity,biolink:PhenotypicFeature
Retriever,biolink:positively_correlated_with,biolink:PhenotypicFeature,biolink:InformationContentEntity
Retriever,biolink:correlated_with,biolink:MolecularMixture,biolink:Device
Retriever,biolink:negatively_correlated_with,biolink:PhenotypicFeature,biolink:InformationContentEntity
Retriever,biolink:positively_correlated_with,biolink:PhenotypicFeature,biolink:Device
Retriever,biolink:positively_correlated_with,biolink:InformationContentEntity,biolink:InformationContentEntity
Retriever,biolink:positively_correlated_with,biolink:Device,biolink:InformationContentEntity
Retriever,biolink:negatively_correlated_with,biolink:Device,biolink:PhenotypicFeature
Retriever,biolink:correlated_with,biolink:Device,biolink:Protein
Retriever,biolink:negatively_correlated_with,biolink:InformationContentEntity,biolink:Protein
Retriever,biolink:negatively_correlated_with,biolink:PhenotypicFeature,biolink:Device
Retriever,biolink:positively_correlated_with,biolink:InformationContentEntity,biolink:Protein
Retriever,biolink:physically_interacts_with,biolink:Protein,biolink:Gene
Retriever,biolink:physically_interacts_with,biolink:Gene,biolink:Protein
Retriever,biolink:has_participant,biolink:Pathway,biolink:Drug
Retriever,biolink:affects,biolink:Drug,biolink:SmallMolecule
Retriever,biolink:affects,biolink:Drug,biolink:Drug
Retriever,biolink:affects,biolink:SmallMolecule,biolink:Drug
Retriever,biolink:has_part,biolink:OrganismTaxon,biolink:Protein
Retriever,biolink:occurs_in,biolink:PhenotypicFeature,biolink:PhenotypicFeature
Retriever,biolink:occurs_in,biolink:InformationContentEntity,biolink:PopulationOfIndividualOrganisms
Retriever,biolink:located_in,biolink:Protein,biolink:OrganismTaxon
Retriever,biolink:coexists_with,biolink:Drug,biolink:Protein
Retriever,biolink:disrupts,biolink:SmallMolecule,biolink:BiologicalProcess
Retriever,biolink:located_in,biolink:Drug,biolink:GrossAnatomicalStructure
Retriever,biolink:interacts_with,biolink:Polypeptide,biolink:Drug
Retriever,biolink:interacts_with,biolink:Drug,biolink:Drug
Retriever,biolink:interacts_with,biolink:SmallMolecule,biolink:Drug
Retriever,biolink:located_in,biolink:Gene,biolink:OrganismTaxon
Retriever,biolink:affects,biolink:BiologicalProcess,biolink:BiologicalProcess
Retriever,biolink:occurs_in,biolink:Disease,biolink:OrganismTaxon
Retriever,biolink:coexists_with,biolink:Drug,biolink:ChemicalEntity
Retriever,biolink:derives_from,biolink:SmallMolecule,biolink:MolecularMixture
Retriever,biolink:located_in,biolink:MolecularMixture,biolink:GrossAnatomicalStructure
Retriever,biolink:derives_from,biolink:SmallMolecule,biolink:Protein
Retriever,biolink:has_part,biolink:Drug,biolink:Drug
Retriever,biolink:located_in,biolink:MolecularMixture,biolink:AnatomicalEntity
Retriever,biolink:located_in,biolink:MolecularMixture,biolink:Cell
Retriever,biolink:located_in,biolink:MolecularMixture,biolink:CellularComponent
Retriever,biolink:derives_from,biolink:ChemicalEntity,biolink:MolecularMixture
Retriever,biolink:derives_from,biolink:ChemicalEntity,biolink:Protein
Retriever,biolink:has_part,biolink:Protein,biolink:MolecularMixture
Retriever,biolink:derives_from,biolink:MolecularMixture,biolink:SmallMolecule
Retriever,biolink:derives_from,biolink:Protein,biolink:SmallMolecule
Retriever,biolink:affects,biolink:Protein,biolink:NucleicAcidEntity
Retriever,biolink:located_in,biolink:SmallMolecule,biolink:Disease
Retriever,biolink:related_to,biolink:Disease,biolink:MolecularMixture
Retriever,biolink:disrupts,biolink:MolecularMixture,biolink:CellularComponent
Retriever,biolink:has_part,biolink:Gene,biolink:MolecularMixture
Retriever,biolink:has_metabolite,biolink:SmallMolecule,biolink:MolecularMixture
Retriever,biolink:interacts_with,biolink:MolecularMixture,biolink:Protein
Retriever,biolink:affects,biolink:SmallMolecule,biolink:BiologicalProcess
Retriever,biolink:affects,biolink:SmallMolecule,biolink:Pathway
Retriever,biolink:affects,biolink:MolecularMixture,biolink:MolecularActivity
Retriever,biolink:diagnoses,biolink:SmallMolecule,biolink:Disease
Retriever,biolink:interacts_with,biolink:MolecularMixture,biolink:Gene
Retriever,biolink:has_metabolite,biolink:ChemicalEntity,biolink:ChemicalEntity
Retriever,biolink:has_metabolite,biolink:SmallMolecule,biolink:ChemicalEntity
Retriever,biolink:has_metabolite,biolink:ChemicalEntity,biolink:SmallMolecule
Retriever,biolink:directly_physically_interacts_with,biolink:MolecularMixture,biolink:Protein
Retriever,biolink:has_metabolite,biolink:MolecularMixture,biolink:MolecularMixture
Retriever,biolink:affects,biolink:MolecularMixture,biolink:CellularComponent
Retriever,biolink:affects,biolink:MolecularMixture,biolink:BiologicalProcess
Retriever,biolink:directly_physically_interacts_with,biolink:ChemicalEntity,biolink:Gene
Retriever,biolink:affects,biolink:MolecularMixture,biolink:Pathway
Retriever,biolink:has_metabolite,biolink:MolecularMixture,biolink:SmallMolecule
Retriever,biolink:part_of,biolink:Protein,biolink:CellularComponent
Retriever,biolink:affects,biolink:BiologicalProcess,biolink:Disease
Retriever,biolink:affects,biolink:BiologicalProcess,biolink:PhenotypicFeature
Retriever,biolink:affects,biolink:BiologicalProcess,biolink:SmallMolecule
Retriever,biolink:precedes,biolink:BiologicalProcess,biolink:PhenotypicFeature
Retriever,biolink:precedes,biolink:BiologicalProcess,biolink:Disease
Retriever,biolink:interacts_with,biolink:CellularComponent,biolink:SmallMolecule
Retriever,biolink:interacts_with,biolink:Gene,biolink:MolecularActivity
Retriever,biolink:interacts_with,biolink:CellularComponent,biolink:ChemicalEntity
Retriever,biolink:precedes,biolink:BiologicalProcess,biolink:AnatomicalEntity
Retriever,biolink:causes,biolink:BiologicalProcess,biolink:PhenotypicFeature
Retriever,biolink:affects,biolink:Protein,biolink:ChemicalMixture
Retriever,biolink:affects,biolink:ChemicalMixture,biolink:Gene
Retriever,biolink:applied_to_treat,biolink:ChemicalEntity,biolink:Disease
Retriever,biolink:applied_to_treat,biolink:MolecularMixture,biolink:Disease
Retriever,biolink:applied_to_treat,biolink:MolecularMixture,biolink:PhenotypicFeature
Retriever,biolink:applied_to_treat,biolink:ChemicalEntity,biolink:PhenotypicFeature
Retriever,biolink:regulates,biolink:Gene,biolink:Protein
Retriever,biolink:causes,biolink:Protein,biolink:CellularComponent
Retriever,biolink:causes,biolink:Gene,biolink:CellularComponent
Retriever,biolink:positively_correlated_with,biolink:Disease,biolink:Disease
Retriever,biolink:negatively_correlated_with,biolink:Disease,biolink:Disease
Retriever,biolink:positively_correlated_with,biolink:PhenotypicFeature,biolink:Disease
Retriever,biolink:negatively_correlated_with,biolink:PhenotypicFeature,biolink:Disease
Retriever,biolink:negatively_correlated_with,biolink:PhenotypicFeature,biolink:PhenotypicFeature
Retriever,biolink:positively_correlated_with,biolink:PhenotypicFeature,biolink:PhenotypicFeature
Retriever,biolink:positively_correlated_with,biolink:Disease,biolink:PhenotypicFeature
Retriever,biolink:negatively_correlated_with,biolink:Disease,biolink:PhenotypicFeature
Retriever,biolink:contributes_to,biolink:Gene,biolink:PhenotypicFeature
Retriever,biolink:associated_with,biolink:Protein,biolink:Disease
Retriever,biolink:correlated_with,biolink:Disease,biolink:SmallMolecule
Retriever,biolink:correlated_with,biolink:PhenotypicFeature,biolink:ChemicalEntity
Retriever,biolink:correlated_with,biolink:PhenotypicFeature,biolink:SmallMolecule
Retriever,biolink:correlated_with,biolink:Disease,biolink:Gene
Retriever,biolink:correlated_with,biolink:Protein,biolink:Procedure
Retriever,biolink:correlated_with,biolink:ChemicalEntity,biolink:Procedure
Retriever,biolink:contributes_to,biolink:Gene,biolink:Disease
Retriever,biolink:part_of,biolink:Gene,biolink:Gene
Retriever,biolink:related_to,biolink:Gene,biolink:Gene
Retriever,biolink:has_metabolite,biolink:SmallMolecule,biolink:SmallMolecule
Retriever,biolink:affects,biolink:Disease,biolink:OrganismTaxon
Retriever,biolink:affects,biolink:Disease,biolink:BiologicalProcess
Retriever,biolink:causes,biolink:Protein,biolink:Disease
Retriever,biolink:related_to,biolink:OrganismTaxon,biolink:Disease
Retriever,biolink:has_part,biolink:OrganismTaxon,biolink:AnatomicalEntity
Retriever,biolink:related_to,biolink:AnatomicalEntity,biolink:PhenotypicFeature
Retriever,biolink:affects,biolink:Disease,biolink:MolecularActivity
Retriever,biolink:related_to,biolink:BiologicalProcess,biolink:Disease
Retriever,biolink:causes,biolink:Disease,biolink:BiologicalProcess
Retriever,biolink:affects,biolink:Cell,biolink:BiologicalProcess
Retriever,biolink:causes,biolink:MolecularMixture,biolink:Disease
Retriever,biolink:located_in,biolink:BiologicalProcess,biolink:CellularComponent
Retriever,biolink:has_part,biolink:PhenotypicFeature,biolink:Disease
Retriever,biolink:has_part,biolink:OrganismTaxon,biolink:Cell
Retriever,biolink:causes,biolink:CellularComponent,biolink:Disease
Retriever,biolink:disrupts,biolink:Disease,biolink:BiologicalProcess
Retriever,biolink:related_to,biolink:BiologicalProcess,biolink:MolecularActivity
Retriever,biolink:related_to,biolink:GrossAnatomicalStructure,biolink:Disease
Retriever,biolink:has_part,biolink:MolecularMixture,biolink:Protein
Retriever,biolink:has_part,biolink:GrossAnatomicalStructure,biolink:Disease
Retriever,biolink:has_part,biolink:AnatomicalEntity,biolink:Disease
Retriever,biolink:affects,biolink:PhenotypicFeature,biolink:PhenotypicFeature
Retriever,biolink:produces,biolink:AnatomicalEntity,biolink:Protein
Retriever,biolink:related_to,biolink:PhenotypicFeature,biolink:BiologicalProcess
Retriever,biolink:causes,biolink:ChemicalMixture,biolink:Disease
Retriever,biolink:has_part,biolink:AnatomicalEntity,biolink:MolecularMixture
Retriever,biolink:related_to,biolink:BiologicalProcess,biolink:Protein
Retriever,biolink:related_to,biolink:CellularComponent,biolink:Disease
Retriever,biolink:produces,biolink:AnatomicalEntity,biolink:ChemicalEntity
Retriever,biolink:has_part,biolink:GrossAnatomicalStructure,biolink:OrganismTaxon
Retriever,biolink:related_to,biolink:GrossAnatomicalStructure,biolink:PhenotypicFeature
Retriever,biolink:related_to,biolink:AnatomicalEntity,biolink:Disease
Retriever,biolink:disrupts,biolink:Disease,biolink:GrossAnatomicalStructure
Retriever,biolink:causes,biolink:Disease,biolink:AnatomicalEntity
Retriever,biolink:disrupts,biolink:Disease,biolink:MolecularActivity
Retriever,biolink:affects,biolink:Disease,biolink:SmallMolecule
Retriever,biolink:located_in,biolink:GrossAnatomicalStructure,biolink:CellularComponent
Retriever,biolink:affects,biolink:PhenotypicFeature,biolink:MolecularActivity
Retriever,biolink:related_to,biolink:MolecularActivity,biolink:BiologicalProcess
Retriever,biolink:disrupts,biolink:Disease,biolink:AnatomicalEntity
Retriever,biolink:affects,biolink:Disease,biolink:CellularComponent
Retriever,biolink:affects,biolink:ComplexMolecularMixture,biolink:Disease
Retriever,biolink:affects,biolink:Disease,biolink:ChemicalEntity
Retriever,biolink:affects,biolink:Disease,biolink:Protein
Retriever,biolink:related_to,biolink:CellularComponent,biolink:PhenotypicFeature
Retriever,biolink:produces,biolink:AnatomicalEntity,biolink:AnatomicalEntity
Retriever,biolink:has_part,biolink:CellularComponent,biolink:Cell
Retriever,biolink:causes,biolink:GrossAnatomicalStructure,biolink:Disease
Retriever,biolink:causes,biolink:MolecularActivity,biolink:Disease
Retriever,biolink:related_to,biolink:MolecularActivity,biolink:Protein
Retriever,biolink:related_to,biolink:Protein,biolink:AnatomicalEntity
Retriever,biolink:causes,biolink:AnatomicalEntity,biolink:AnatomicalEntity
Retriever,biolink:related_to,biolink:SmallMolecule,biolink:AnatomicalEntity
Retriever,biolink:related_to,biolink:ChemicalEntity,biolink:AnatomicalEntity
Retriever,biolink:related_to,biolink:Protein,biolink:Cell
Retriever,biolink:related_to,biolink:SmallMolecule,biolink:GrossAnatomicalStructure
Retriever,biolink:related_to,biolink:Protein,biolink:GrossAnatomicalStructure
Retriever,biolink:causes,biolink:Disease,biolink:GrossAnatomicalStructure
Retriever,biolink:related_to,biolink:OrganismTaxon,biolink:AnatomicalEntity
Retriever,biolink:related_to,biolink:GrossAnatomicalStructure,biolink:BiologicalProcess
Retriever,biolink:subclass_of,biolink:Gene,biolink:ChemicalEntity
Retriever,biolink:subclass_of,biolink:Protein,biolink:Gene
Retriever,biolink:subclass_of,biolink:Gene,biolink:Protein
Retriever,biolink:subclass_of,biolink:Drug,biolink:ChemicalEntity
Retriever,biolink:subclass_of,biolink:Drug,biolink:Drug
Retriever,biolink:subclass_of,biolink:ChemicalEntity,biolink:Protein
Retriever,biolink:subclass_of,biolink:Disease,biolink:AnatomicalEntity
Retriever,biolink:subclass_of,biolink:Disease,biolink:GrossAnatomicalStructure
Retriever,biolink:subclass_of,biolink:MolecularMixture,biolink:Protein
Retriever,biolink:subclass_of,biolink:ChemicalEntity,biolink:ChemicalMixture
Retriever,biolink:expressed_in,biolink:Gene,biolink:AnatomicalEntity
Retriever,biolink:expressed_in,biolink:Gene,biolink:CellularComponent
Retriever,biolink:affects,biolink:Protein,biolink:BiologicalProcess
Retriever,biolink:correlated_with,biolink:MolecularMixture,biolink:Disease
Retriever,biolink:treats_or_applied_or_studied_to_treat,biolink:MolecularMixture,biolink:Disease
Retriever,biolink:treats_or_applied_or_studied_to_treat,biolink:Protein,biolink:Disease
Retriever,biolink:treats_or_applied_or_studied_to_treat,biolink:Protein,biolink:PhenotypicFeature
Retriever,biolink:treats_or_applied_or_studied_to_treat,biolink:ComplexMolecularMixture,biolink:Disease
Retriever,biolink:in_clinical_trials_for,biolink:SmallMolecule,biolink:PhenotypicFeature
Retriever,biolink:contraindicated_in,biolink:SmallMolecule,biolink:PhenotypicFeature
Retriever,biolink:regulates,biolink:ChemicalEntity,biolink:Gene
Retriever,biolink:related_to,biolink:Protein,biolink:CellularComponent
Retriever,biolink:colocalizes_with,biolink:Gene,biolink:CellularComponent
Retriever,biolink:correlated_with,biolink:Procedure,biolink:PhenotypicFeature
Retriever,biolink:correlated_with,biolink:Disease,biolink:Drug
Retriever,biolink:correlated_with,biolink:PhenotypicFeature,biolink:Drug
Retriever,biolink:correlated_with,biolink:Procedure,biolink:Disease
Retriever,biolink:correlated_with,biolink:ChemicalEntity,biolink:ChemicalEntity
Retriever,biolink:correlated_with,biolink:PhenotypicFeature,biolink:Protein
Retriever,biolink:correlated_with,biolink:Protein,biolink:InformationContentEntity
Retriever,biolink:correlated_with,biolink:PhenotypicFeature,biolink:MolecularMixture
Retriever,biolink:correlated_with,biolink:PhenotypicFeature,biolink:InformationContentEntity
Retriever,biolink:correlated_with,biolink:Procedure,biolink:MolecularMixture
Retriever,biolink:correlated_with,biolink:ChemicalEntity,biolink:MolecularMixture
Retriever,biolink:correlated_with,biolink:MolecularMixture,biolink:Procedure
Retriever,biolink:occurs_in,biolink:BiologicalProcess,biolink:Protein
Retriever,biolink:located_in,biolink:OrganismTaxon,biolink:GrossAnatomicalStructure
Retriever,biolink:has_part,biolink:Protein,biolink:ChemicalEntity
Retriever,biolink:has_part,biolink:SmallMolecule,biolink:Protein
Retriever,biolink:derives_from,biolink:Protein,biolink:ChemicalEntity
Retriever,biolink:has_part,biolink:ChemicalEntity,biolink:Protein
Retriever,biolink:has_part,biolink:SmallMolecule,biolink:MolecularMixture
Retriever,biolink:directly_physically_interacts_with,biolink:SmallMolecule,biolink:Gene
Retriever,biolink:physically_interacts_with,biolink:Protein,biolink:Protein
Retriever,biolink:has_participant,biolink:Pathway,biolink:MolecularMixture
Retriever,biolink:directly_physically_interacts_with,biolink:SmallMolecule,biolink:Protein
Retriever,biolink:interacts_with,biolink:Protein,biolink:Cell
Retriever,biolink:causes,biolink:SmallMolecule,biolink:MolecularActivity
Retriever,biolink:occurs_in,biolink:BiologicalProcess,biolink:Gene
Retriever,biolink:affects,biolink:Protein,biolink:AnatomicalEntity
Retriever,biolink:located_in,biolink:SmallMolecule,biolink:OrganismTaxon
Retriever,biolink:located_in,biolink:CellularComponent,biolink:CellularComponent
Retriever,biolink:affects,biolink:BiologicalProcess,biolink:Gene
Retriever,biolink:causes,biolink:Gene,biolink:BiologicalProcess
Retriever,biolink:affects,biolink:MolecularActivity,biolink:PhenotypicFeature
Retriever,biolink:located_in,biolink:CellularComponent,biolink:Cell
Retriever,biolink:causes,biolink:Gene,biolink:MolecularActivity
Retriever,biolink:interacts_with,biolink:Gene,biolink:CellularComponent
Retriever,biolink:affects,biolink:Protein,biolink:OrganismTaxon
Retriever,biolink:interacts_with,biolink:CellularComponent,biolink:Protein
Retriever,biolink:affects,biolink:MolecularActivity,biolink:SmallMolecule
Retriever,biolink:interacts_with,biolink:Protein,biolink:ChemicalMixture
Retriever,biolink:affects,biolink:ChemicalEntity,biolink:MolecularMixture
Retriever,biolink:affects,biolink:ComplexMolecularMixture,biolink:ChemicalEntity
Retriever,biolink:interacts_with,biolink:CellularComponent,biolink:Gene
Retriever,biolink:interacts_with,biolink:Protein,biolink:CellularComponent
Retriever,biolink:causes,biolink:ChemicalEntity,biolink:MolecularActivity
Retriever,biolink:affects,biolink:MolecularMixture,biolink:MolecularMixture
Retriever,biolink:affects,biolink:ComplexMolecularMixture,biolink:SmallMolecule
Retriever,biolink:interacts_with,biolink:ChemicalEntity,biolink:CellularComponent
Retriever,biolink:occurs_in,biolink:CellularComponent,biolink:Cell
Retriever,biolink:affects,biolink:SmallMolecule,biolink:ComplexMolecularMixture
Retriever,biolink:affects,biolink:ChemicalEntity,biolink:ComplexMolecularMixture
Retriever,biolink:affects,biolink:CellularComponent,biolink:Protein
Retriever,biolink:affects,biolink:CellularComponent,biolink:Gene
Retriever,biolink:affects,biolink:Protein,biolink:MolecularMixture
Retriever,biolink:affects,biolink:Protein,biolink:ComplexMolecularMixture
Retriever,biolink:affects,biolink:Gene,biolink:ComplexMolecularMixture
Retriever,biolink:applied_to_treat,biolink:SmallMolecule,biolink:PhenotypicFeature
Retriever,biolink:applied_to_treat,biolink:Drug,biolink:Disease
Retriever,biolink:regulates,biolink:Protein,biolink:Protein
Retriever,biolink:regulates,biolink:Protein,biolink:Gene
Retriever,biolink:causes,biolink:Gene,biolink:Gene
Retriever,biolink:regulates,biolink:CellularComponent,biolink:CellularComponent
Retriever,biolink:has_input,biolink:Gene,biolink:Gene
Retriever,biolink:enables,biolink:Protein,biolink:MolecularActivity
Retriever,biolink:interacts_with,biolink:Protein,biolink:MolecularMixture
Retriever,biolink:has_part,biolink:Gene,biolink:SmallMolecule
Retriever,biolink:affects,biolink:MolecularMixture,biolink:ChemicalEntity
Retriever,biolink:affects,biolink:SmallMolecule,biolink:MolecularMixture
Retriever,biolink:affects,biolink:MolecularMixture,biolink:SmallMolecule
Retriever,biolink:interacts_with,biolink:Gene,biolink:MolecularMixture
Retriever,biolink:part_of,biolink:CellularComponent,biolink:CellularComponent
Retriever,biolink:affects,biolink:Gene,biolink:MolecularMixture
Retriever,biolink:directly_physically_interacts_with,biolink:ChemicalEntity,biolink:Protein
Retriever,biolink:affects,biolink:Protein,biolink:Protein
Retriever,biolink:related_to,biolink:Drug,biolink:Disease
Retriever,biolink:related_to,biolink:Drug,biolink:PhenotypicFeature
Retriever,biolink:related_to,biolink:ComplexMolecularMixture,biolink:Disease
Retriever,biolink:related_to,biolink:MolecularMixture,biolink:PhenotypicFeature
Retriever,biolink:related_to,biolink:ComplexMolecularMixture,biolink:PhenotypicFeature
Retriever,biolink:affects,biolink:OrganismTaxon,biolink:Gene
Retriever,biolink:treats,biolink:Drug,biolink:PhenotypicFeature
Retriever,biolink:affects,biolink:Drug,biolink:Protein
Retriever,biolink:affects,biolink:ComplexMolecularMixture,biolink:Protein
Retriever,biolink:related_to,biolink:Drug,biolink:Gene
Retriever,biolink:related_to,biolink:Drug,biolink:Protein
Retriever,biolink:related_to,biolink:ChemicalEntity,biolink:Gene
Retriever,biolink:correlated_with,biolink:Gene,biolink:PhenotypicFeature
Retriever,biolink:related_to,biolink:MolecularMixture,biolink:Disease
Retriever,biolink:has_input,biolink:Device,biolink:Gene
Retriever,biolink:has_phenotype,biolink:Gene,biolink:PhenotypicFeature
Retriever,biolink:part_of,biolink:Gene,biolink:CellularComponent
Retriever,biolink:causes,biolink:OrganismTaxon,biolink:Disease
Retriever,biolink:produces,biolink:GrossAnatomicalStructure,biolink:Protein
Retriever,biolink:related_to,biolink:Disease,biolink:BiologicalProcess
Retriever,biolink:affects,biolink:PhenotypicFeature,biolink:BiologicalProcess
Retriever,biolink:has_part,biolink:OrganismTaxon,biolink:GrossAnatomicalStructure
Retriever,biolink:related_to,biolink:BiologicalProcess,biolink:ChemicalEntity
Retriever,biolink:has_part,biolink:AnatomicalEntity,biolink:Protein
Retriever,biolink:related_to,biolink:BiologicalProcess,biolink:BiologicalProcess
Retriever,biolink:has_part,biolink:CellularComponent,biolink:AnatomicalEntity
Retriever,biolink:related_to,biolink:Disease,biolink:OrganismTaxon
Retriever,biolink:related_to,biolink:BiologicalProcess,biolink:SmallMolecule
Retriever,biolink:affects,biolink:Disease,biolink:AnatomicalEntity
Retriever,biolink:affects,biolink:BiologicalProcess,biolink:OrganismTaxon
Retriever,biolink:affects,biolink:PhenotypicFeature,biolink:GrossAnatomicalStructure
Retriever,biolink:affects,biolink:BiologicalProcess,biolink:GrossAnatomicalStructure
Retriever,biolink:affects,biolink:BiologicalProcess,biolink:ChemicalEntity
Retriever,biolink:related_to,biolink:Protein,biolink:BiologicalProcess
Retriever,biolink:affects,biolink:PhenotypicFeature,biolink:SmallMolecule
Retriever,biolink:affects,biolink:PhenotypicFeature,biolink:ChemicalEntity
Retriever,biolink:produces,biolink:Cell,biolink:GrossAnatomicalStructure
Retriever,biolink:affects,biolink:BiologicalProcess,biolink:AnatomicalEntity
Retriever,biolink:located_in,biolink:AnatomicalEntity,biolink:OrganismTaxon
Retriever,biolink:has_part,biolink:CellularComponent,biolink:GrossAnatomicalStructure
Retriever,biolink:related_to,biolink:PhenotypicFeature,biolink:AnatomicalEntity
Retriever,biolink:located_in,biolink:Cell,biolink:AnatomicalEntity
Retriever,biolink:located_in,biolink:GrossAnatomicalStructure,biolink:OrganismTaxon
Retriever,biolink:affects,biolink:PhenotypicFeature,biolink:Cell
Retriever,biolink:affects,biolink:PhenotypicFeature,biolink:AnatomicalEntity
Retriever,biolink:related_to,biolink:AnatomicalEntity,biolink:BiologicalProcess
Retriever,biolink:affects,biolink:Disease,biolink:Cell
Retriever,biolink:affects,biolink:PhenotypicFeature,biolink:Protein
Retriever,biolink:produces,biolink:Cell,biolink:CellularComponent
Retriever,biolink:has_part,biolink:PhenotypicFeature,biolink:PhenotypicFeature
Retriever,biolink:subclass_of,biolink:Protein,biolink:ChemicalEntity
Retriever,biolink:subclass_of,biolink:Disease,biolink:PhenotypicFeature
Retriever,biolink:subclass_of,biolink:AnatomicalEntity,biolink:GrossAnatomicalStructure
Retriever,biolink:subclass_of,biolink:PhenotypicFeature,biolink:Disease
Retriever,biolink:subclass_of,biolink:Pathway,biolink:BiologicalProcess
Retriever,biolink:subclass_of,biolink:SmallMolecule,biolink:ChemicalMixture
Retriever,biolink:subclass_of,biolink:ChemicalMixture,biolink:ChemicalMixture
Retriever,biolink:subclass_of,biolink:CellularComponent,biolink:GrossAnatomicalStructure
Retriever,biolink:subclass_of,biolink:ChemicalMixture,biolink:ChemicalEntity
Retriever,biolink:subclass_of,biolink:MolecularMixture,biolink:ChemicalMixture
Retriever,biolink:subclass_of,biolink:ChemicalMixture,biolink:SmallMolecule
Retriever,biolink:subclass_of,biolink:SmallMolecule,biolink:Protein
Retriever,biolink:subclass_of,biolink:AnatomicalEntity,biolink:CellularComponent
Retriever,biolink:subclass_of,biolink:GrossAnatomicalStructure,biolink:CellularComponent
Retriever,biolink:subclass_of,biolink:Disease,biolink:Cell
Retriever,biolink:subclass_of,biolink:Cell,biolink:GrossAnatomicalStructure
Retriever,biolink:subclass_of,biolink:Cell,biolink:Disease
Retriever,biolink:subclass_of,biolink:AnatomicalEntity,biolink:Cell
Retriever,biolink:subclass_of,biolink:GrossAnatomicalStructure,biolink:Cell
Retriever,biolink:subclass_of,biolink:OrganismTaxon,biolink:OrganismTaxon
Retriever,biolink:expressed_in,biolink:Protein,biolink:Cell
Retriever,biolink:has_phenotype,biolink:Disease,biolink:Disease
Retriever,biolink:correlated_with,biolink:Disease,biolink:ChemicalEntity
Retriever,biolink:correlated_with,biolink:Disease,biolink:Procedure
Retriever,biolink:correlated_with,biolink:Disease,biolink:MolecularMixture
Retriever,biolink:correlated_with,biolink:PhenotypicFeature,biolink:Procedure
Retriever,biolink:located_in,biolink:GrossAnatomicalStructure,biolink:GrossAnatomicalStructure
Retriever,biolink:has_part,biolink:SmallMolecule,biolink:SmallMolecule
Retriever,biolink:derives_from,biolink:Protein,biolink:Protein
Retriever,biolink:has_part,biolink:MolecularMixture,biolink:ChemicalEntity
Retriever,biolink:has_part,biolink:MolecularMixture,biolink:SmallMolecule
Retriever,biolink:has_part,biolink:MolecularMixture,biolink:MolecularMixture
Retriever,biolink:has_part,biolink:ChemicalEntity,biolink:MolecularMixture
Retriever,biolink:subclass_of,biolink:MolecularMixture,biolink:ChemicalEntity
Retriever,biolink:subclass_of,biolink:ChemicalEntity,biolink:SmallMolecule
Retriever,biolink:subclass_of,biolink:SmallMolecule,biolink:MolecularMixture
Retriever,biolink:subclass_of,biolink:MolecularMixture,biolink:MolecularMixture
Retriever,biolink:subclass_of,biolink:MolecularMixture,biolink:SmallMolecule
Retriever,biolink:subclass_of,biolink:ChemicalEntity,biolink:MolecularMixture
Retriever,biolink:active_in,biolink:Gene,biolink:CellularComponent
Retriever,biolink:has_part,biolink:Protein,biolink:Protein
Retriever,biolink:causes,biolink:BiologicalProcess,biolink:Disease
Retriever,biolink:has_part,biolink:OrganismTaxon,biolink:CellularComponent
Retriever,biolink:causes,biolink:Protein,biolink:MolecularActivity
Retriever,biolink:affects,biolink:BiologicalProcess,biolink:Protein
Retriever,biolink:occurs_in,biolink:MolecularActivity,biolink:OrganismTaxon
Retriever,biolink:causes,biolink:BiologicalProcess,biolink:MolecularActivity
Retriever,biolink:precedes,biolink:BiologicalProcess,biolink:MolecularActivity
Retriever,biolink:precedes,biolink:MolecularActivity,biolink:BiologicalProcess
Retriever,biolink:causes,biolink:Cell,biolink:Disease
Retriever,biolink:has_input,biolink:MolecularActivity,biolink:Gene
Retriever,biolink:condition_associated_with_gene,biolink:PhenotypicFeature,biolink:Gene
Retriever,biolink:interacts_with,biolink:Protein,biolink:Protein
Retriever,biolink:regulates,biolink:ChemicalEntity,biolink:Protein
Retriever,biolink:occurs_in,biolink:Pathway,biolink:CellularComponent
Retriever,biolink:has_participant,biolink:Pathway,biolink:Protein
Retriever,biolink:directly_physically_interacts_with,biolink:Protein,biolink:Protein
Retriever,biolink:directly_physically_interacts_with,biolink:Protein,biolink:Gene
Retriever,biolink:directly_physically_interacts_with,biolink:Gene,biolink:Gene
Retriever,biolink:directly_physically_interacts_with,biolink:Gene,biolink:Protein
Retriever,biolink:affects,biolink:SmallMolecule,biolink:Procedure
Retriever,biolink:affects,biolink:Gene,biolink:Procedure
Retriever,biolink:affects,biolink:ChemicalEntity,biolink:ClinicalAttribute
Retriever,biolink:affects,biolink:ChemicalEntity,biolink:Procedure
Retriever,biolink:affects,biolink:OrganismTaxon,biolink:Disease
Retriever,biolink:correlated_with,biolink:Protein,biolink:Disease
Retriever,biolink:related_to,biolink:SmallMolecule,biolink:BiologicalProcess
Retriever,biolink:related_to,biolink:MolecularMixture,biolink:Gene
Retriever,biolink:correlated_with,biolink:Protein,biolink:Protein
Retriever,biolink:treats,biolink:Drug,biolink:Disease
Retriever,biolink:affects,biolink:Drug,biolink:Gene
Retriever,biolink:correlated_with,biolink:Protein,biolink:PhenotypicFeature
Retriever,biolink:predisposes_to_condition,biolink:Procedure,biolink:PhenotypicFeature
Retriever,biolink:predisposes_to_condition,biolink:Procedure,biolink:Disease
Retriever,biolink:has_input,biolink:Procedure,biolink:Drug
Retriever,biolink:disrupts,biolink:SmallMolecule,biolink:MolecularActivity
Retriever,biolink:disrupts,biolink:SmallMolecule,biolink:Cell
Retriever,biolink:produces,biolink:Cell,biolink:Protein
Retriever,biolink:disrupts,biolink:ChemicalEntity,biolink:Cell
Retriever,biolink:causes,biolink:Procedure,biolink:PhenotypicFeature
Retriever,biolink:has_part,biolink:AnatomicalEntity,biolink:NucleicAcidEntity
Retriever,biolink:causes,biolink:Procedure,biolink:Disease
Retriever,biolink:treats_or_applied_or_studied_to_treat,biolink:Activity,biolink:Disease
Retriever,biolink:located_in,biolink:MolecularActivity,biolink:CellularComponent
Retriever,biolink:produces,biolink:Cell,biolink:ChemicalEntity
Retriever,biolink:causes,biolink:PhenotypicFeature,biolink:PhenotypicFeature
Retriever,biolink:affects,biolink:Procedure,biolink:Phenomenon
Retriever,biolink:related_to,biolink:Protein,biolink:PhenotypicFeature
Retriever,biolink:precedes,biolink:Procedure,biolink:Disease
Retriever,biolink:located_in,biolink:ChemicalEntity,biolink:Cell
Retriever,biolink:occurs_in,biolink:Behavior,biolink:Cohort
Retriever,biolink:located_in,biolink:NucleicAcidEntity,biolink:Cell
Retriever,biolink:located_in,biolink:Disease,biolink:CellularComponent
Retriever,biolink:affects,biolink:Disease,biolink:DiseaseOrPhenotypicFeature
Retriever,biolink:located_in,biolink:Procedure,biolink:Cell
Retriever,biolink:exacerbates_condition,biolink:PhenotypicFeature,biolink:PhenotypicFeature
Retriever,biolink:disrupts,biolink:Polypeptide,biolink:MolecularActivity
Retriever,biolink:predisposes_to_condition,biolink:ChemicalEntity,biolink:PhenotypicFeature
Retriever,biolink:located_in,biolink:Phenomenon,biolink:GrossAnatomicalStructure
Retriever,biolink:related_to,biolink:ChemicalEntity,biolink:PhenotypicFeature
Retriever,biolink:manifestation_of,biolink:PhenotypicFeature,biolink:PhenotypicFeature
Retriever,biolink:affects,biolink:Disease,biolink:Phenomenon
Retriever,biolink:affects,biolink:ChemicalEntity,biolink:AnatomicalEntity
Retriever,biolink:has_part,biolink:Disease,biolink:AnatomicalEntity
Retriever,biolink:predisposes_to_condition,biolink:SmallMolecule,biolink:PhenotypicFeature
Retriever,biolink:causes,biolink:AnatomicalEntity,biolink:PhenotypicFeature
Retriever,biolink:produces,biolink:Phenomenon,biolink:Protein
Retriever,biolink:affects,biolink:Procedure,biolink:MolecularActivity
Retriever,biolink:affects,biolink:Disease,biolink:Behavior
Retriever,biolink:located_in,biolink:Phenomenon,biolink:AnatomicalEntity
Retriever,biolink:disrupts,biolink:Protein,biolink:MolecularActivity
Retriever,biolink:exacerbates_condition,biolink:Disease,biolink:PhenotypicFeature
Retriever,biolink:occurs_in,biolink:Disease,biolink:BiologicalEntity
Retriever,biolink:diagnoses,biolink:Procedure,biolink:BiologicalEntity
Retriever,biolink:located_in,biolink:Procedure,biolink:CellularComponent
Retriever,biolink:has_part,biolink:Cohort,biolink:Cell
Retriever,biolink:affects,biolink:Behavior,biolink:Behavior
Retriever,biolink:disrupts,biolink:Polypeptide,biolink:Cell
Retriever,biolink:produces,biolink:Gene,biolink:Protein
Retriever,biolink:disrupts,biolink:ChemicalEntity,biolink:PhenotypicFeature
Retriever,biolink:has_part,biolink:CellularComponent,biolink:Polypeptide
Retriever,biolink:has_part,biolink:Disease,biolink:CellularComponent
Retriever,biolink:occurs_in,biolink:Disease,biolink:Disease
Retriever,biolink:treats_or_applied_or_studied_to_treat,biolink:Activity,biolink:PhenotypicFeature
Retriever,biolink:produces,biolink:Phenomenon,biolink:ChemicalEntity
Retriever,biolink:located_in,biolink:Polypeptide,biolink:Cell
Retriever,biolink:located_in,biolink:BiologicalEntity,biolink:Cell
Retriever,biolink:disrupts,biolink:ChemicalEntity,biolink:MolecularActivity
Retriever,biolink:located_in,biolink:Disease,biolink:NucleicAcidEntity
Retriever,biolink:has_input,biolink:Procedure,biolink:Polypeptide
Retriever,biolink:has_part,biolink:Gene,biolink:Polypeptide
Retriever,biolink:disrupts,biolink:SmallMolecule,biolink:AnatomicalEntity
Retriever,biolink:produces,biolink:Disease,biolink:ChemicalEntity
Retriever,biolink:affects,biolink:Protein,biolink:Polypeptide
Retriever,biolink:disrupts,biolink:Protein,biolink:GrossAnatomicalStructure
Retriever,biolink:occurs_in,biolink:Phenomenon,biolink:Cohort
Retriever,biolink:diagnoses,biolink:Procedure,biolink:DiseaseOrPhenotypicFeature
Retriever,biolink:disrupts,biolink:SmallMolecule,biolink:Phenomenon
Retriever,biolink:affects,biolink:NucleicAcidEntity,biolink:SmallMolecule
Retriever,biolink:occurs_in,biolink:PhysiologicalProcess,biolink:Disease
Retriever,biolink:has_part,biolink:GrossAnatomicalStructure,biolink:Polypeptide
Retriever,biolink:located_in,biolink:Polypeptide,biolink:CellularComponent
Retriever,biolink:interacts_with,biolink:ChemicalEntity,biolink:Cell
Retriever,biolink:located_in,biolink:NucleicAcidEntity,biolink:CellularComponent
Retriever,biolink:exacerbates_condition,biolink:Procedure,biolink:Disease
Retriever,biolink:has_part,biolink:GrossAnatomicalStructure,biolink:NucleicAcidEntity
Retriever,biolink:diagnoses,biolink:PhenotypicFeature,biolink:PhenotypicFeature
Retriever,biolink:produces,biolink:CellularComponent,biolink:ChemicalEntity
Retriever,biolink:produces,biolink:GrossAnatomicalStructure,biolink:Polypeptide
Retriever,biolink:causes,biolink:Device,biolink:PhenotypicFeature
Retriever,biolink:related_to,biolink:NucleicAcidEntity,biolink:PhenotypicFeature
Retriever,biolink:produces,biolink:SmallMolecule,biolink:ChemicalEntity
Retriever,biolink:has_part,biolink:CellularComponent,biolink:NucleicAcidEntity
Retriever,biolink:produces,biolink:Cell,biolink:Polypeptide
Retriever,biolink:has_part,biolink:Cell,biolink:Polypeptide
Retriever,biolink:has_part,biolink:Cell,biolink:NucleicAcidEntity
Retriever,biolink:produces,biolink:ChemicalEntity,biolink:ChemicalEntity
Retriever,biolink:disrupts,biolink:Polypeptide,biolink:PhenotypicFeature
Retriever,biolink:located_in,biolink:NucleicAcidEntity,biolink:AnatomicalEntity
Retriever,biolink:affects,biolink:Activity,biolink:Procedure
Retriever,biolink:disrupts,biolink:Procedure,biolink:GrossAnatomicalStructure
Retriever,biolink:affects,biolink:Phenomenon,biolink:Phenomenon
Retriever,biolink:located_in,biolink:PhysiologicalProcess,biolink:Cell
Retriever,biolink:occurs_in,biolink:MolecularActivity,biolink:Cohort
Retriever,biolink:affects,biolink:Disease,biolink:BiologicalEntity
Retriever,biolink:has_part,biolink:AnatomicalEntity,biolink:Polypeptide
Retriever,biolink:disrupts,biolink:Polypeptide,biolink:Phenomenon
Retriever,biolink:interacts_with,biolink:Cell,biolink:ChemicalEntity
Retriever,biolink:located_in,biolink:DiseaseOrPhenotypicFeature,biolink:GrossAnatomicalStructure
Retriever,biolink:produces,biolink:Phenomenon,biolink:SmallMolecule
Retriever,biolink:produces,biolink:Disease,biolink:Polypeptide
Retriever,biolink:predisposes_to_condition,biolink:Disease,biolink:DiseaseOrPhenotypicFeature
Retriever,biolink:affects,biolink:NucleicAcidEntity,biolink:Cell
Retriever,biolink:has_part,biolink:Cohort,biolink:CellularComponent
Retriever,biolink:has_part,biolink:Cohort,biolink:SmallMolecule
Retriever,biolink:related_to,biolink:Polypeptide,biolink:PhenotypicFeature
Retriever,biolink:produces,biolink:Disease,biolink:AnatomicalEntity
Retriever,biolink:has_part,biolink:Cohort,biolink:PhenotypicFeature
Retriever,biolink:causes,biolink:Gene,biolink:Phenomenon
Retriever,biolink:located_in,biolink:Disease,biolink:PhenotypicFeature
Retriever,biolink:has_part,biolink:NucleicAcidEntity,biolink:NucleicAcidEntity
Retriever,biolink:related_to,biolink:AnatomicalEntity,biolink:DiseaseOrPhenotypicFeature
Retriever,biolink:located_in,biolink:BiologicalEntity,biolink:CellularComponent
Retriever,biolink:causes,biolink:Protein,biolink:PhysiologicalProcess
Retriever,biolink:causes,biolink:Polypeptide,biolink:Phenomenon
Retriever,biolink:has_part,biolink:Cohort,biolink:ChemicalEntity
Retriever,biolink:occurs_in,biolink:DiseaseOrPhenotypicFeature,biolink:Cohort
Retriever,biolink:has_part,biolink:Polypeptide,biolink:SmallMolecule
Retriever,biolink:exacerbates_condition,biolink:SmallMolecule,biolink:Disease
Retriever,biolink:causes,biolink:ChemicalEntity,biolink:Phenomenon
Retriever,biolink:affects,biolink:Procedure,biolink:BiologicalEntity
Retriever,biolink:derives_from,biolink:Polypeptide,biolink:Polypeptide
Retriever,biolink:affects,biolink:MolecularActivity,biolink:Polypeptide
Retriever,biolink:derives_from,biolink:Polypeptide,biolink:ChemicalEntity
Retriever,biolink:has_part,biolink:Cohort,biolink:NucleicAcidEntity
Retriever,biolink:affects,biolink:MolecularActivity,biolink:ChemicalEntity
Retriever,biolink:predisposes_to_condition,biolink:Polypeptide,biolink:PhenotypicFeature
Retriever,biolink:produces,biolink:CellularComponent,biolink:AnatomicalEntity
Retriever,biolink:has_part,biolink:PhenotypicFeature,biolink:ChemicalEntity
Retriever,biolink:derives_from,biolink:ChemicalEntity,biolink:NucleicAcidEntity
Retriever,biolink:affects,biolink:Polypeptide,biolink:AnatomicalEntity
Retriever,biolink:affects,biolink:NucleicAcidEntity,biolink:CellularComponent
Retriever,biolink:disrupts,biolink:NucleicAcidEntity,biolink:MolecularActivity
Retriever,biolink:causes,biolink:NucleicAcidEntity,biolink:PhenotypicFeature
Retriever,biolink:disrupts,biolink:Polypeptide,biolink:CellularComponent
Retriever,biolink:has_part,biolink:PhenotypicFeature,biolink:Gene
Retriever,biolink:produces,biolink:CellularComponent,biolink:Polypeptide
Retriever,biolink:affects,biolink:PhysiologicalProcess,biolink:Phenomenon
Retriever,biolink:produces,biolink:PhysiologicalProcess,biolink:ChemicalEntity
Retriever,biolink:derives_from,biolink:NucleicAcidEntity,biolink:ChemicalEntity
Retriever,biolink:produces,biolink:BiologicalEntity,biolink:ChemicalEntity
Retriever,biolink:produces,biolink:Disease,biolink:GrossAnatomicalStructure
Retriever,biolink:derives_from,biolink:SmallMolecule,biolink:Polypeptide
Retriever,biolink:derives_from,biolink:Polypeptide,biolink:Gene
Retriever,biolink:affects,biolink:PhysiologicalProcess,biolink:Cell
Retriever,biolink:close_match,biolink:SmallMolecule,biolink:Procedure
Retriever,biolink:derives_from,biolink:NucleicAcidEntity,biolink:NucleicAcidEntity
Retriever,biolink:precedes,biolink:Gene,biolink:Procedure
Retriever,biolink:derives_from,biolink:ChemicalEntity,biolink:Polypeptide
Retriever,biolink:precedes,biolink:Disease,biolink:BiologicalEntity
Retriever,biolink:exacerbates_condition,biolink:DiseaseOrPhenotypicFeature,biolink:Disease
Retriever,biolink:located_in,biolink:BiologicalEntity,biolink:PhenotypicFeature
Retriever,biolink:precedes,biolink:Procedure,biolink:Device
Retriever,biolink:has_part,biolink:Disease,biolink:Polypeptide
Retriever,biolink:has_part,biolink:PhenotypicFeature,biolink:Polypeptide
Retriever,biolink:has_part,biolink:Cohort,biolink:Polypeptide
Retriever,biolink:located_in,biolink:Disease,biolink:Cell
Retriever,biolink:has_input,biolink:Device,biolink:Device
Retriever,biolink:treats_or_applied_or_studied_to_treat,biolink:Drug,biolink:PhenotypicFeature
Retriever,biolink:derives_from,biolink:NucleicAcidEntity,biolink:Polypeptide
Retriever,biolink:related_to,biolink:SmallMolecule,biolink:PhenotypicFeature
Retriever,biolink:disrupts,biolink:SmallMolecule,biolink:CellularComponent
Retriever,biolink:disrupts,biolink:ChemicalEntity,biolink:CellularComponent
Retriever,biolink:affects,biolink:NucleicAcidEntity,biolink:ChemicalEntity
Retriever,biolink:affects,biolink:NucleicAcidEntity,biolink:Protein
Retriever,biolink:related_to,biolink:AnatomicalEntity,biolink:AnatomicalEntity
Retriever,biolink:related_to,biolink:Disease,biolink:AnatomicalEntity
Retriever,biolink:related_to,biolink:PhenotypicFeature,biolink:GrossAnatomicalStructure
Retriever,biolink:subclass_of,biolink:Pathway,biolink:Pathway
Retriever,biolink:subclass_of,biolink:Cell,biolink:Cell
Retriever,biolink:subclass_of,biolink:GrossAnatomicalStructure,biolink:GrossAnatomicalStructure
Retriever,biolink:subclass_of,biolink:GrossAnatomicalStructure,biolink:AnatomicalEntity
Retriever,biolink:subclass_of,biolink:CellularComponent,biolink:AnatomicalEntity
Retriever,biolink:subclass_of,biolink:Cell,biolink:AnatomicalEntity
Retriever,biolink:related_to,biolink:Protein,biolink:Protein
Retriever,biolink:related_to,biolink:CellularComponent,biolink:CellularComponent
Retriever,biolink:treats,biolink:MolecularMixture,biolink:PhenotypicFeature
Retriever,biolink:subclass_of,biolink:SmallMolecule,biolink:ChemicalEntity
Retriever,biolink:subclass_of,biolink:Protein,biolink:Protein
Retriever,biolink:subclass_of,biolink:ChemicalEntity,biolink:ChemicalEntity
Retriever,biolink:subclass_of,biolink:SmallMolecule,biolink:SmallMolecule
Retriever,biolink:causes,biolink:Protein,biolink:BiologicalProcess
Retriever,biolink:causes,biolink:ChemicalEntity,biolink:BiologicalProcess
Retriever,biolink:has_part,biolink:AnatomicalEntity,biolink:GrossAnatomicalStructure
Retriever,biolink:causes,biolink:SmallMolecule,biolink:BiologicalProcess
Retriever,biolink:has_part,biolink:AnatomicalEntity,biolink:Cell
Retriever,biolink:occurs_in,biolink:BiologicalProcess,biolink:Cell
Retriever,biolink:occurs_in,biolink:BiologicalProcess,biolink:AnatomicalEntity
Retriever,biolink:occurs_in,biolink:BiologicalProcess,biolink:OrganismTaxon
Retriever,biolink:has_part,biolink:AnatomicalEntity,biolink:CellularComponent
Retriever,biolink:affects,biolink:BiologicalProcess,biolink:Cell
Retriever,biolink:occurs_in,biolink:BiologicalProcess,biolink:GrossAnatomicalStructure
Retriever,biolink:occurs_in,biolink:MolecularActivity,biolink:AnatomicalEntity
Retriever,biolink:affects,biolink:Cell,biolink:Cell
Retriever,biolink:causes,biolink:BiologicalProcess,biolink:BiologicalProcess
Retriever,biolink:causes,biolink:MolecularActivity,biolink:BiologicalProcess
Retriever,biolink:precedes,biolink:BiologicalProcess,biolink:BiologicalProcess
Retriever,biolink:precedes,biolink:MolecularActivity,biolink:MolecularActivity
Retriever,biolink:occurs_in,biolink:MolecularActivity,biolink:CellularComponent
Retriever,biolink:has_input,biolink:BiologicalProcess,biolink:SmallMolecule
Retriever,biolink:affects,biolink:BiologicalProcess,biolink:CellularComponent
Retriever,biolink:occurs_in,biolink:BiologicalProcess,biolink:CellularComponent
Retriever,biolink:causes,biolink:CellularComponent,biolink:BiologicalProcess
Retriever,biolink:has_input,biolink:BiologicalProcess,biolink:MolecularMixture
Retriever,biolink:has_participant,biolink:Pathway,biolink:ChemicalEntity
Retriever,biolink:has_part,biolink:Protein,biolink:SmallMolecule
Retriever,biolink:has_input,biolink:MolecularActivity,biolink:SmallMolecule
Retriever,biolink:has_part,biolink:ChemicalEntity,biolink:SmallMolecule
Retriever,biolink:has_input,biolink:MolecularActivity,biolink:ChemicalEntity
Retriever,biolink:has_input,biolink:MolecularActivity,biolink:MolecularMixture
Retriever,biolink:has_input,biolink:MolecularActivity,biolink:Protein
Retriever,biolink:affects,biolink:Disease,biolink:PhenotypicFeature
Retriever,biolink:affects,biolink:PhenotypicFeature,biolink:Disease
Retriever,biolink:contributes_to,biolink:SmallMolecule,biolink:PhenotypicFeature
Retriever,biolink:related_to,biolink:ChemicalEntity,biolink:Protein
Retriever,biolink:correlated_with,biolink:Gene,biolink:Disease
Retriever,biolink:located_in,biolink:PhenotypicFeature,biolink:GrossAnatomicalStructure
Retriever,biolink:located_in,biolink:Protein,biolink:GrossAnatomicalStructure
Retriever,biolink:precedes,biolink:Procedure,biolink:Procedure
Retriever,biolink:treats_or_applied_or_studied_to_treat,biolink:Device,biolink:PhenotypicFeature
Retriever,biolink:has_input,biolink:Procedure,biolink:Device
Retriever,biolink:located_in,biolink:Procedure,biolink:GrossAnatomicalStructure
Retriever,biolink:occurs_in,biolink:Disease,biolink:Cohort
Retriever,biolink:located_in,biolink:Procedure,biolink:AnatomicalEntity
Retriever,biolink:causes,biolink:ChemicalEntity,biolink:PhenotypicFeature
Retriever,biolink:affects,biolink:Drug,biolink:Disease
Retriever,biolink:affects,biolink:ChemicalEntity,biolink:Phenomenon
Retriever,biolink:coexists_with,biolink:NucleicAcidEntity,biolink:Protein
Retriever,biolink:coexists_with,biolink:Protein,biolink:ChemicalEntity
Retriever,biolink:interacts_with,biolink:Cell,biolink:Cell
Retriever,biolink:produces,biolink:Disease,biolink:Protein
Retriever,biolink:affects,biolink:Protein,biolink:GrossAnatomicalStructure
Retriever,biolink:has_part,biolink:Gene,biolink:ChemicalEntity
Retriever,biolink:affects,biolink:SmallMolecule,biolink:Phenomenon
Retriever,biolink:occurs_in,biolink:PhenotypicFeature,biolink:Cohort
Retriever,biolink:coexists_with,biolink:MolecularActivity,biolink:Disease
Retriever,biolink:affects,biolink:ChemicalEntity,biolink:Polypeptide
Retriever,biolink:interacts_with,biolink:Protein,biolink:Polypeptide
Retriever,biolink:has_input,biolink:Procedure,biolink:ChemicalEntity
Retriever,biolink:affects,biolink:SmallMolecule,biolink:AnatomicalEntity
Retriever,biolink:coexists_with,biolink:ChemicalEntity,biolink:NucleicAcidEntity
Retriever,biolink:has_part,biolink:Cohort,biolink:AnatomicalEntity
Retriever,biolink:has_part,biolink:Disease,biolink:GrossAnatomicalStructure
Retriever,biolink:located_in,biolink:Polypeptide,biolink:AnatomicalEntity
Retriever,biolink:disrupts,biolink:SmallMolecule,biolink:PhenotypicFeature
Retriever,biolink:disrupts,biolink:Gene,biolink:Cell
Retriever,biolink:predisposes_to_condition,biolink:Gene,biolink:PhenotypicFeature
Retriever,biolink:coexists_with,biolink:SmallMolecule,biolink:NucleicAcidEntity
Retriever,biolink:disrupts,biolink:Gene,biolink:Phenomenon
Retriever,biolink:coexists_with,biolink:SmallMolecule,biolink:Polypeptide
Retriever,biolink:coexists_with,biolink:Disease,biolink:BiologicalEntity
Retriever,biolink:interacts_with,biolink:SmallMolecule,biolink:Polypeptide
Retriever,biolink:affects,biolink:Polypeptide,biolink:Phenomenon
Retriever,biolink:diagnoses,biolink:PhenotypicFeature,biolink:Disease
Retriever,biolink:coexists_with,biolink:Protein,biolink:Polypeptide
Retriever,biolink:coexists_with,biolink:Polypeptide,biolink:Protein
Retriever,biolink:coexists_with,biolink:Polypeptide,biolink:Polypeptide
Retriever,biolink:interacts_with,biolink:Polypeptide,biolink:Polypeptide
Retriever,biolink:interacts_with,biolink:ChemicalEntity,biolink:Polypeptide
Retriever,biolink:interacts_with,biolink:Polypeptide,biolink:NucleicAcidEntity
Retriever,biolink:has_part,biolink:NucleicAcidEntity,biolink:Gene
Retriever,biolink:has_input,biolink:Procedure,biolink:Procedure
Retriever,biolink:coexists_with,biolink:Protein,biolink:NucleicAcidEntity
Retriever,biolink:coexists_with,biolink:Disease,biolink:DiseaseOrPhenotypicFeature
Retriever,biolink:causes,biolink:Polypeptide,biolink:PhenotypicFeature
Retriever,biolink:derives_from,biolink:NucleicAcidEntity,biolink:Gene
Retriever,biolink:disrupts,biolink:Gene,biolink:CellularComponent
Retriever,biolink:coexists_with,biolink:NucleicAcidEntity,biolink:Polypeptide
Retriever,biolink:coexists_with,biolink:Polypeptide,biolink:NucleicAcidEntity
Retriever,biolink:located_in,biolink:Disease,biolink:Disease
Retriever,biolink:coexists_with,biolink:Disease,biolink:MolecularActivity
Retriever,biolink:produces,biolink:CellularComponent,biolink:Gene
Retriever,biolink:predisposes_to_condition,biolink:Phenomenon,biolink:Disease
Retriever,biolink:causes,biolink:Phenomenon,biolink:Disease
Retriever,biolink:precedes,biolink:SmallMolecule,biolink:Procedure
Retriever,biolink:affects,biolink:NucleicAcidEntity,biolink:Gene
Retriever,biolink:affects,biolink:NucleicAcidEntity,biolink:Disease
Retriever,biolink:disrupts,biolink:Gene,biolink:MolecularActivity
Retriever,biolink:affects,biolink:SmallMolecule,biolink:Polypeptide
Retriever,biolink:interacts_with,biolink:Polypeptide,biolink:Cell
Retriever,biolink:disrupts,biolink:Gene,biolink:PhenotypicFeature
Retriever,biolink:affects,biolink:Polypeptide,biolink:CellularComponent
Retriever,biolink:treats_or_applied_or_studied_to_treat,biolink:Gene,biolink:PhenotypicFeature
Retriever,biolink:affects,biolink:NucleicAcidEntity,biolink:MolecularActivity
Retriever,biolink:produces,biolink:Gene,biolink:Polypeptide
Retriever,biolink:interacts_with,biolink:NucleicAcidEntity,biolink:Polypeptide
Retriever,biolink:close_match,biolink:Procedure,biolink:Procedure
Retriever,biolink:coexists_with,biolink:ChemicalEntity,biolink:Polypeptide
Retriever,biolink:located_in,biolink:DiseaseOrPhenotypicFeature,biolink:AnatomicalEntity
Retriever,biolink:affects,biolink:Polypeptide,biolink:NucleicAcidEntity
Retriever,biolink:coexists_with,biolink:NucleicAcidEntity,biolink:NucleicAcidEntity
Retriever,biolink:coexists_with,biolink:DiseaseOrPhenotypicFeature,biolink:PhenotypicFeature
Retriever,biolink:affects,biolink:NucleicAcidEntity,biolink:GrossAnatomicalStructure
Retriever,biolink:coexists_with,biolink:PhenotypicFeature,biolink:DiseaseOrPhenotypicFeature
Retriever,biolink:produces,biolink:Gene,biolink:AnatomicalEntity
Retriever,biolink:affects,biolink:Gene,biolink:NucleicAcidEntity
Retriever,biolink:derives_from,biolink:Gene,biolink:ChemicalEntity
Retriever,biolink:interacts_with,biolink:Cell,biolink:Polypeptide
Retriever,biolink:precedes,biolink:Procedure,biolink:ChemicalEntity
Retriever,biolink:affects,biolink:Polypeptide,biolink:Polypeptide
Retriever,biolink:close_match,biolink:ChemicalEntity,biolink:SmallMolecule
Retriever,biolink:located_in,biolink:BiologicalEntity,biolink:Disease
Retriever,biolink:coexists_with,biolink:Phenomenon,biolink:PhenotypicFeature
Retriever,biolink:close_match,biolink:Device,biolink:Device
Retriever,biolink:coexists_with,biolink:Phenomenon,biolink:Phenomenon
Retriever,biolink:treats_or_applied_or_studied_to_treat,biolink:Polypeptide,biolink:PhenotypicFeature
Retriever,biolink:close_match,biolink:SmallMolecule,biolink:ChemicalEntity
Retriever,biolink:derives_from,biolink:Gene,biolink:Polypeptide
Retriever,biolink:coexists_with,biolink:PhenotypicFeature,biolink:Phenomenon
Retriever,biolink:located_in,biolink:PhenotypicFeature,biolink:AnatomicalEntity
Retriever,biolink:contraindicated_in,biolink:SmallMolecule,biolink:Disease
Retriever,biolink:located_in,biolink:Disease,biolink:AnatomicalEntity
Retriever,biolink:treats_or_applied_or_studied_to_treat,biolink:Procedure,biolink:PhenotypicFeature
Retriever,biolink:diagnoses,biolink:Procedure,biolink:PhenotypicFeature
Retriever,biolink:related_to,biolink:MolecularMixture,biolink:Protein
Retriever,biolink:related_to,biolink:SmallMolecule,biolink:Protein
Retriever,biolink:affects,biolink:Protein,biolink:MolecularActivity
Retriever,biolink:located_in,biolink:ChemicalEntity,biolink:AnatomicalEntity
Retriever,biolink:derives_from,biolink:ChemicalEntity,biolink:ChemicalEntity
Retriever,biolink:derives_from,biolink:SmallMolecule,biolink:ChemicalEntity
Retriever,biolink:affects,biolink:ChemicalEntity,biolink:NucleicAcidEntity
Retriever,biolink:affects,biolink:SmallMolecule,biolink:NucleicAcidEntity
Retriever,biolink:affects,biolink:ComplexMolecularMixture,biolink:Gene
Retriever,biolink:correlated_with,biolink:ChemicalEntity,biolink:PhenotypicFeature
Retriever,biolink:correlated_with,biolink:ChemicalEntity,biolink:Disease
Retriever,biolink:correlated_with,biolink:Disease,biolink:Disease
Retriever,biolink:causes,biolink:Disease,biolink:PhenotypicFeature
Retriever,biolink:has_part,biolink:Cell,biolink:ChemicalEntity
Retriever,biolink:causes,biolink:PhenotypicFeature,biolink:Disease
Retriever,biolink:related_to,biolink:PhenotypicFeature,biolink:Protein
Retriever,biolink:has_part,biolink:AnatomicalEntity,biolink:ChemicalEntity
Retriever,biolink:related_to,biolink:Disease,biolink:MolecularActivity
Retriever,biolink:produces,biolink:Cell,biolink:AnatomicalEntity
Retriever,biolink:produces,biolink:GrossAnatomicalStructure,biolink:ChemicalEntity
Retriever,biolink:has_part,biolink:Disease,biolink:PhenotypicFeature
Retriever,biolink:located_in,biolink:AnatomicalEntity,biolink:Cell
Retriever,biolink:disrupts,biolink:Disease,biolink:Cell
Retriever,biolink:located_in,biolink:AnatomicalEntity,biolink:CellularComponent
Retriever,biolink:related_to,biolink:SmallMolecule,biolink:Cell
Retriever,biolink:treats_or_applied_or_studied_to_treat,biolink:ChemicalEntity,biolink:PhenotypicFeature
Retriever,biolink:affects,biolink:MolecularMixture,biolink:Gene
Retriever,biolink:affects,biolink:MolecularMixture,biolink:Protein
Retriever,biolink:located_in,biolink:ChemicalEntity,biolink:CellularComponent
Retriever,biolink:affects,biolink:Protein,biolink:Cell
Retriever,biolink:causes,biolink:Protein,biolink:PhenotypicFeature
Retriever,biolink:located_in,biolink:CellularComponent,biolink:AnatomicalEntity
Retriever,biolink:treats,biolink:ChemicalEntity,biolink:Disease
Retriever,biolink:treats,biolink:ChemicalEntity,biolink:PhenotypicFeature
Retriever,biolink:treats,biolink:MolecularMixture,biolink:Disease
Retriever,biolink:affects,biolink:Protein,biolink:CellularComponent
Retriever,biolink:located_in,biolink:Protein,biolink:Cell
Retriever,biolink:located_in,biolink:Protein,biolink:AnatomicalEntity
Retriever,biolink:has_participant,biolink:Pathway,biolink:SmallMolecule
Retriever,biolink:predisposes_to_condition,biolink:Disease,biolink:Disease
Retriever,biolink:located_in,biolink:ChemicalEntity,biolink:GrossAnatomicalStructure
Retriever,biolink:located_in,biolink:SmallMolecule,biolink:CellularComponent
Retriever,biolink:located_in,biolink:NucleicAcidEntity,biolink:GrossAnatomicalStructure
Retriever,biolink:predisposes_to_condition,biolink:PhenotypicFeature,biolink:Disease
Retriever,biolink:has_part,biolink:GrossAnatomicalStructure,biolink:Gene
Retriever,biolink:produces,biolink:Cell,biolink:Gene
Retriever,biolink:affects,biolink:SmallMolecule,biolink:Cell
Retriever,biolink:coexists_with,biolink:ChemicalEntity,biolink:Protein
Retriever,biolink:predisposes_to_condition,biolink:Behavior,biolink:Disease
Retriever,biolink:has_input,biolink:Procedure,biolink:Gene
Retriever,biolink:affects,biolink:ChemicalEntity,biolink:Cell
Retriever,biolink:has_part,biolink:Cohort,biolink:Disease
Retriever,biolink:located_in,biolink:Polypeptide,biolink:GrossAnatomicalStructure
Retriever,biolink:has_part,biolink:Disease,biolink:Gene
Retriever,biolink:disrupts,biolink:SmallMolecule,biolink:GrossAnatomicalStructure
Retriever,biolink:located_in,biolink:BiologicalEntity,biolink:GrossAnatomicalStructure
Retriever,biolink:predisposes_to_condition,biolink:Activity,biolink:Disease
Retriever,biolink:disrupts,biolink:ChemicalEntity,biolink:GrossAnatomicalStructure
Retriever,biolink:has_input,biolink:Device,biolink:SmallMolecule
Retriever,biolink:causes,biolink:Gene,biolink:PhenotypicFeature
Retriever,biolink:produces,biolink:GrossAnatomicalStructure,biolink:Gene
Retriever,biolink:has_part,biolink:Cohort,biolink:GrossAnatomicalStructure
Retriever,biolink:produces,biolink:Disease,biolink:SmallMolecule
Retriever,biolink:predisposes_to_condition,biolink:DiseaseOrPhenotypicFeature,biolink:Disease
Retriever,biolink:affects,biolink:ChemicalEntity,biolink:BiologicalEntity
Retriever,biolink:located_in,biolink:BiologicalEntity,biolink:AnatomicalEntity
Retriever,biolink:affects,biolink:SmallMolecule,biolink:BiologicalEntity
Retriever,biolink:derives_from,biolink:SmallMolecule,biolink:Gene
Retriever,biolink:affects,biolink:SmallMolecule,biolink:DiseaseOrPhenotypicFeature
Retriever,biolink:affects,biolink:Polypeptide,biolink:Cell
Retriever,biolink:affects,biolink:Polypeptide,biolink:MolecularActivity
Retriever,biolink:has_part,biolink:Cohort,biolink:Gene
Retriever,biolink:disrupts,biolink:Polypeptide,biolink:GrossAnatomicalStructure
Retriever,biolink:derives_from,biolink:ChemicalEntity,biolink:Gene
Retriever,biolink:affects,biolink:ChemicalEntity,biolink:DiseaseOrPhenotypicFeature
Retriever,biolink:derives_from,biolink:Gene,biolink:SmallMolecule
Retriever,biolink:causes,biolink:SmallMolecule,biolink:PhysiologicalProcess
Retriever,biolink:affects,biolink:Polypeptide,biolink:BiologicalEntity
Retriever,biolink:located_in,biolink:SmallMolecule,biolink:Cell
Retriever,biolink:located_in,biolink:Disease,biolink:GrossAnatomicalStructure
Retriever,biolink:affects,biolink:ChemicalEntity,biolink:MolecularActivity
Retriever,biolink:causes,biolink:Drug,biolink:Disease
Retriever,biolink:affects,biolink:PhenotypicFeature,biolink:OrganismTaxon
Retriever,biolink:contributes_to,biolink:SmallMolecule,biolink:Disease
Retriever,biolink:expressed_in,biolink:Gene,biolink:Cell
Retriever,biolink:located_in,biolink:SmallMolecule,biolink:GrossAnatomicalStructure
Retriever,biolink:affects,biolink:SmallMolecule,biolink:MolecularActivity
Retriever,biolink:causes,biolink:SmallMolecule,biolink:PhenotypicFeature
Retriever,biolink:has_part,biolink:AnatomicalEntity,biolink:SmallMolecule
Retriever,biolink:related_to,biolink:PhenotypicFeature,biolink:ChemicalEntity
Retriever,biolink:expressed_in,biolink:Gene,biolink:GrossAnatomicalStructure
Retriever,biolink:enables,biolink:Gene,biolink:MolecularActivity
Retriever,biolink:in_preclinical_trials_for,biolink:SmallMolecule,biolink:Disease
Retriever,biolink:related_to,biolink:Gene,biolink:PhenotypicFeature
Retriever,biolink:correlated_with,biolink:PhenotypicFeature,biolink:Disease
Retriever,biolink:correlated_with,biolink:PhenotypicFeature,biolink:PhenotypicFeature
Retriever,biolink:correlated_with,biolink:Disease,biolink:PhenotypicFeature
Retriever,biolink:has_part,biolink:CellularComponent,biolink:ChemicalEntity
Retriever,biolink:affects,biolink:Disease,biolink:GrossAnatomicalStructure
Retriever,biolink:has_part,biolink:GrossAnatomicalStructure,biolink:ChemicalEntity
Retriever,biolink:located_in,biolink:GrossAnatomicalStructure,biolink:AnatomicalEntity
Retriever,biolink:affects,biolink:Gene,biolink:AnatomicalEntity
Retriever,biolink:related_to,biolink:Disease,biolink:PhenotypicFeature
Retriever,biolink:produces,biolink:GrossAnatomicalStructure,biolink:AnatomicalEntity
Retriever,biolink:has_part,biolink:Cell,biolink:GrossAnatomicalStructure
Retriever,biolink:located_in,biolink:Gene,biolink:Cell
Retriever,biolink:affects,biolink:ChemicalEntity,biolink:CellularComponent
Retriever,biolink:studied_to_treat,biolink:SmallMolecule,biolink:Disease
Retriever,biolink:precedes,biolink:Disease,biolink:Disease
Retriever,biolink:interacts_with,biolink:SmallMolecule,biolink:ChemicalEntity
Retriever,biolink:coexists_with,biolink:Disease,biolink:PhenotypicFeature
Retriever,biolink:interacts_with,biolink:Gene,biolink:Cell
Retriever,biolink:related_to,biolink:Polypeptide,biolink:Disease
Retriever,biolink:affects,biolink:Procedure,biolink:Disease
Retriever,biolink:predisposes_to_condition,biolink:ChemicalEntity,biolink:Disease
Retriever,biolink:predisposes_to_condition,biolink:SmallMolecule,biolink:Disease
Retriever,biolink:produces,biolink:Disease,biolink:Gene
Retriever,biolink:affects,biolink:Polypeptide,biolink:Protein
Retriever,biolink:affects,biolink:Gene,biolink:Phenomenon
Retriever,biolink:manifestation_of,biolink:Disease,biolink:Disease
Retriever,biolink:has_part,biolink:SmallMolecule,biolink:ChemicalEntity
Retriever,biolink:coexists_with,biolink:ChemicalEntity,biolink:ChemicalEntity
Retriever,biolink:related_to,biolink:NucleicAcidEntity,biolink:Disease
Retriever,biolink:interacts_with,biolink:Polypeptide,biolink:Protein
Retriever,biolink:interacts_with,biolink:Polypeptide,biolink:ChemicalEntity
Retriever,biolink:predisposes_to_condition,biolink:Polypeptide,biolink:Disease
Retriever,biolink:affects,biolink:Gene,biolink:BiologicalEntity
Retriever,biolink:coexists_with,biolink:Gene,biolink:Polypeptide
Retriever,biolink:causes,biolink:NucleicAcidEntity,biolink:Disease
Retriever,biolink:interacts_with,biolink:Gene,biolink:Polypeptide
Retriever,biolink:coexists_with,biolink:Polypeptide,biolink:ChemicalEntity
Retriever,biolink:affects,biolink:Polypeptide,biolink:PhenotypicFeature
Retriever,biolink:coexists_with,biolink:NucleicAcidEntity,biolink:ChemicalEntity
Retriever,biolink:affects,biolink:Phenomenon,biolink:Disease
Retriever,biolink:coexists_with,biolink:Gene,biolink:NucleicAcidEntity
Retriever,biolink:interacts_with,biolink:Gene,biolink:NucleicAcidEntity
Retriever,biolink:affects,biolink:Gene,biolink:Polypeptide
Retriever,biolink:disrupts,biolink:Gene,biolink:GrossAnatomicalStructure
Retriever,biolink:produces,biolink:Gene,biolink:ChemicalEntity
Retriever,biolink:affects,biolink:Polypeptide,biolink:ChemicalEntity
Retriever,biolink:coexists_with,biolink:BiologicalEntity,biolink:BiologicalEntity
Retriever,biolink:affects,biolink:Protein,biolink:PhysiologicalProcess
Retriever,biolink:coexists_with,biolink:Procedure,biolink:Procedure
Retriever,biolink:affects,biolink:PhysiologicalProcess,biolink:Disease
Retriever,biolink:disrupts,biolink:SmallMolecule,biolink:PhysiologicalProcess
Retriever,biolink:coexists_with,biolink:PhenotypicFeature,biolink:PhenotypicFeature
Retriever,biolink:located_in,biolink:SmallMolecule,biolink:AnatomicalEntity
Retriever,biolink:affects,biolink:SmallMolecule,biolink:CellularComponent
Retriever,biolink:coexists_with,biolink:SmallMolecule,biolink:ChemicalEntity
Retriever,biolink:coexists_with,biolink:SmallMolecule,biolink:Protein
Retriever,biolink:has_part,biolink:ChemicalEntity,biolink:ChemicalEntity
Retriever,biolink:gene_associated_with_condition,biolink:Gene,biolink:PhenotypicFeature
Retriever,biolink:causes,biolink:MolecularActivity,biolink:MolecularActivity
Retriever,biolink:treats,biolink:SmallMolecule,biolink:PhenotypicFeature
Retriever,biolink:located_in,biolink:Protein,biolink:CellularComponent
Retriever,biolink:interacts_with,biolink:SmallMolecule,biolink:Protein
Retriever,biolink:related_to,biolink:Protein,biolink:Disease
Retriever,biolink:related_to,biolink:PhenotypicFeature,biolink:Disease
Retriever,biolink:affects,biolink:ChemicalEntity,biolink:PhenotypicFeature
Retriever,biolink:affects,biolink:Protein,biolink:SmallMolecule
Retriever,biolink:subclass_of,biolink:BiologicalProcess,biolink:BiologicalProcess
Retriever,biolink:subclass_of,biolink:MolecularActivity,biolink:MolecularActivity
Retriever,biolink:has_part,biolink:Disease,biolink:Disease
Retriever,biolink:related_to,biolink:PhenotypicFeature,biolink:Gene
Retriever,biolink:has_part,biolink:CellularComponent,biolink:Gene
Retriever,biolink:located_in,biolink:Gene,biolink:AnatomicalEntity
Retriever,biolink:located_in,biolink:AnatomicalEntity,biolink:GrossAnatomicalStructure
Retriever,biolink:has_part,biolink:GrossAnatomicalStructure,biolink:Protein
Retriever,biolink:has_part,biolink:Cell,biolink:Gene
Retriever,biolink:related_to,biolink:Disease,biolink:Protein
Retriever,biolink:has_part,biolink:AnatomicalEntity,biolink:Gene
Retriever,biolink:affects,biolink:MolecularActivity,biolink:Gene
Retriever,biolink:related_to,biolink:PhenotypicFeature,biolink:PhenotypicFeature
Retriever,biolink:related_to,biolink:Disease,biolink:ChemicalEntity
Retriever,biolink:subclass_of,biolink:Disease,biolink:Disease
Retriever,biolink:has_part,biolink:Gene,biolink:Gene
Retriever,biolink:applied_to_treat,biolink:SmallMolecule,biolink:Disease
Retriever,biolink:exacerbates_condition,biolink:Disease,biolink:Disease
Retriever,biolink:coexists_with,biolink:Gene,biolink:Protein
Retriever,biolink:affects,biolink:ChemicalEntity,biolink:GrossAnatomicalStructure
Retriever,biolink:affects,biolink:Gene,biolink:DiseaseOrPhenotypicFeature
Retriever,biolink:disrupts,biolink:ChemicalEntity,biolink:Disease
Retriever,biolink:manifestation_of,biolink:PhenotypicFeature,biolink:Disease
Retriever,biolink:disrupts,biolink:Polypeptide,biolink:Disease
Retriever,biolink:precedes,biolink:Procedure,biolink:SmallMolecule
Retriever,biolink:affects,biolink:Procedure,biolink:PhysiologicalProcess
Retriever,biolink:has_part,biolink:CellularComponent,biolink:Protein
Retriever,biolink:subclass_of,biolink:PhenotypicFeature,biolink:PhenotypicFeature
Retriever,biolink:subclass_of,biolink:AnatomicalEntity,biolink:AnatomicalEntity
Retriever,biolink:located_in,biolink:Gene,biolink:CellularComponent
Retriever,biolink:treats_or_applied_or_studied_to_treat,biolink:SmallMolecule,biolink:PhenotypicFeature
Retriever,biolink:related_to,biolink:SmallMolecule,biolink:Gene
Retriever,biolink:regulates,biolink:Gene,biolink:Gene
Retriever,biolink:related_to,biolink:ChemicalEntity,biolink:Disease
Retriever,biolink:affects,biolink:Gene,biolink:Protein
Retriever,biolink:affects,biolink:Protein,biolink:ChemicalEntity
Retriever,biolink:treats_or_applied_or_studied_to_treat,biolink:Drug,biolink:Disease
Retriever,biolink:has_part,biolink:GrossAnatomicalStructure,biolink:CellularComponent
Retriever,biolink:has_part,biolink:Cell,biolink:CellularComponent
Retriever,biolink:occurs_in,biolink:MolecularActivity,biolink:Cell
Retriever,biolink:has_part,biolink:GrossAnatomicalStructure,biolink:Cell
Retriever,biolink:occurs_in,biolink:MolecularActivity,biolink:GrossAnatomicalStructure
Retriever,biolink:has_part,biolink:Cell,biolink:AnatomicalEntity
Retriever,biolink:affects,biolink:SmallMolecule,biolink:PhenotypicFeature
Retriever,biolink:located_in,biolink:AnatomicalEntity,biolink:AnatomicalEntity
Retriever,biolink:affects,biolink:Gene,biolink:CellularComponent
Retriever,biolink:has_part,biolink:AnatomicalEntity,biolink:AnatomicalEntity
Retriever,biolink:interacts_with,biolink:ChemicalEntity,biolink:ChemicalEntity
Retriever,biolink:correlated_with,biolink:SmallMolecule,biolink:Protein
Retriever,biolink:subclass_of,biolink:CellularComponent,biolink:CellularComponent
Retriever,biolink:interacts_with,biolink:Protein,biolink:ChemicalEntity
Retriever,biolink:disrupts,biolink:SmallMolecule,biolink:Disease
Retriever,biolink:diagnoses,biolink:Procedure,biolink:Disease
Retriever,biolink:causes,biolink:Device,biolink:Disease
Retriever,biolink:affects,biolink:Gene,biolink:MolecularActivity
Retriever,biolink:coexists_with,biolink:SmallMolecule,biolink:Gene
Retriever,biolink:coexists_with,biolink:Protein,biolink:Gene
Retriever,biolink:treats_or_applied_or_studied_to_treat,biolink:Device,biolink:Disease
Retriever,biolink:treats_or_applied_or_studied_to_treat,biolink:Gene,biolink:Disease
Retriever,biolink:interacts_with,biolink:Cell,biolink:Gene
Retriever,biolink:affects,biolink:Gene,biolink:PhenotypicFeature
Retriever,biolink:coexists_with,biolink:NucleicAcidEntity,biolink:Gene
Retriever,biolink:affects,biolink:SmallMolecule,biolink:ChemicalEntity
Retriever,biolink:causes,biolink:Polypeptide,biolink:Disease
Retriever,biolink:produces,biolink:Gene,biolink:Gene
Retriever,biolink:affects,biolink:Polypeptide,biolink:GrossAnatomicalStructure
Retriever,biolink:treats_or_applied_or_studied_to_treat,biolink:Polypeptide,biolink:Disease
Retriever,biolink:interacts_with,biolink:NucleicAcidEntity,biolink:Gene
Retriever,biolink:causes,biolink:Gene,biolink:PhysiologicalProcess
Retriever,biolink:derives_from,biolink:Gene,biolink:Gene
Retriever,biolink:has_phenotype,biolink:Disease,biolink:PhenotypicFeature
Retriever,biolink:treats_or_applied_or_studied_to_treat,biolink:Procedure,biolink:Disease
Retriever,biolink:interacts_with,biolink:ChemicalEntity,biolink:Protein
Retriever,biolink:affects,biolink:Disease,biolink:Disease
Retriever,biolink:affects,biolink:ChemicalEntity,biolink:Protein
Retriever,biolink:in_clinical_trials_for,biolink:SmallMolecule,biolink:Disease
Retriever,biolink:related_to,biolink:SmallMolecule,biolink:Disease
Retriever,biolink:has_part,biolink:Cell,biolink:Protein
Retriever,biolink:has_part,biolink:GrossAnatomicalStructure,biolink:AnatomicalEntity
Retriever,biolink:causes,biolink:Disease,biolink:Disease
Retriever,biolink:produces,biolink:CellularComponent,biolink:SmallMolecule
Retriever,biolink:coexists_with,biolink:ChemicalEntity,biolink:Gene
Retriever,biolink:coexists_with,biolink:BiologicalEntity,biolink:Disease
Retriever,biolink:coexists_with,biolink:DiseaseOrPhenotypicFeature,biolink:Disease
Retriever,biolink:interacts_with,biolink:ChemicalEntity,biolink:Gene
Retriever,biolink:correlated_with,biolink:Protein,biolink:SmallMolecule
Retriever,biolink:has_part,biolink:CellularComponent,biolink:CellularComponent
Retriever,biolink:causes,biolink:ChemicalEntity,biolink:Disease
Retriever,biolink:has_part,biolink:GrossAnatomicalStructure,biolink:SmallMolecule
Retriever,biolink:has_part,biolink:Cell,biolink:SmallMolecule
Retriever,biolink:affects,biolink:ChemicalEntity,biolink:ChemicalEntity
Retriever,biolink:causes,biolink:AnatomicalEntity,biolink:Disease
Retriever,biolink:affects,biolink:SmallMolecule,biolink:Protein
Retriever,biolink:affects,biolink:Protein,biolink:Gene
Retriever,biolink:has_part,biolink:GrossAnatomicalStructure,biolink:GrossAnatomicalStructure
Retriever,biolink:affects,biolink:SmallMolecule,biolink:GrossAnatomicalStructure
Retriever,biolink:predisposes_to_condition,biolink:Gene,biolink:Disease
Retriever,biolink:coexists_with,biolink:Gene,biolink:ChemicalEntity
Retriever,biolink:located_in,biolink:Gene,biolink:GrossAnatomicalStructure
Retriever,biolink:affects,biolink:Gene,biolink:Cell
Retriever,biolink:related_to,biolink:Disease,biolink:Disease
Retriever,biolink:interacts_with,biolink:Gene,biolink:Protein
Retriever,biolink:treats_or_applied_or_studied_to_treat,biolink:ChemicalEntity,biolink:Disease
Retriever,biolink:interacts_with,biolink:Protein,biolink:Gene
Retriever,biolink:has_participant,biolink:Pathway,biolink:Gene
Retriever,biolink:derives_from,biolink:ChemicalEntity,biolink:SmallMolecule
Retriever,biolink:causes,biolink:SmallMolecule,biolink:Disease
Retriever,biolink:produces,biolink:GrossAnatomicalStructure,biolink:SmallMolecule
Retriever,biolink:produces,biolink:Cell,biolink:SmallMolecule
Retriever,biolink:has_part,biolink:CellularComponent,biolink:SmallMolecule
Retriever,biolink:coexists_with,biolink:Polypeptide,biolink:Gene
Retriever,biolink:affects,biolink:Polypeptide,biolink:Gene
Retriever,biolink:affects,biolink:SmallMolecule,biolink:PhysiologicalProcess
Retriever,biolink:affects,biolink:ChemicalEntity,biolink:PhysiologicalProcess
Retriever,biolink:interacts_with,biolink:Gene,biolink:ChemicalEntity
Retriever,biolink:disrupts,biolink:Gene,biolink:Disease
Retriever,biolink:affects,biolink:Polypeptide,biolink:PhysiologicalProcess
Retriever,biolink:coexists_with,biolink:Protein,biolink:SmallMolecule
Retriever,biolink:derives_from,biolink:SmallMolecule,biolink:SmallMolecule
Retriever,biolink:affects,biolink:ChemicalEntity,biolink:Gene
Retriever,biolink:has_input,biolink:Procedure,biolink:SmallMolecule
Retriever,biolink:affects,biolink:Polypeptide,biolink:Disease
Retriever,biolink:affects,biolink:Gene,biolink:ChemicalEntity
Retriever,biolink:coexists_with,biolink:Gene,biolink:Gene
Retriever,biolink:affects,biolink:Gene,biolink:GrossAnatomicalStructure
Retriever,biolink:coexists_with,biolink:PhenotypicFeature,biolink:Disease
Retriever,biolink:coexists_with,biolink:Disease,biolink:Disease
Retriever,biolink:treats_or_applied_or_studied_to_treat,biolink:SmallMolecule,biolink:Disease
Retriever,biolink:related_to,biolink:PhenotypicFeature,biolink:SmallMolecule
Retriever,biolink:affects,biolink:SmallMolecule,biolink:Disease
Retriever,biolink:affects,biolink:ChemicalEntity,biolink:Disease
Retriever,biolink:interacts_with,biolink:Polypeptide,biolink:Gene
Retriever,biolink:treats,biolink:SmallMolecule,biolink:Disease
Retriever,biolink:affects,biolink:Gene,biolink:Gene
Retriever,biolink:causes,biolink:Gene,biolink:Disease
Retriever,biolink:related_to,biolink:Disease,biolink:Gene
Retriever,biolink:related_to,biolink:Gene,biolink:Disease
Retriever,biolink:physically_interacts_with,biolink:Gene,biolink:Gene
Retriever,biolink:coexists_with,biolink:NucleicAcidEntity,biolink:SmallMolecule
Retriever,biolink:affects,biolink:Gene,biolink:PhysiologicalProcess
Retriever,biolink:interacts_with,biolink:SmallMolecule,biolink:Gene
Retriever,biolink:related_to,biolink:Disease,biolink:SmallMolecule
Retriever,biolink:condition_associated_with_gene,biolink:Disease,biolink:Gene
Retriever,biolink:close_match,biolink:SmallMolecule,biolink:SmallMolecule
Retriever,biolink:produces,biolink:Gene,biolink:SmallMolecule
Retriever,biolink:interacts_with,biolink:Gene,biolink:Gene
Retriever,biolink:interacts_with,biolink:Protein,biolink:SmallMolecule
Retriever,biolink:coexists_with,biolink:SmallMolecule,biolink:SmallMolecule
Retriever,biolink:coexists_with,biolink:ChemicalEntity,biolink:SmallMolecule
Retriever,biolink:coexists_with,biolink:Polypeptide,biolink:SmallMolecule
Retriever,biolink:interacts_with,biolink:Polypeptide,biolink:SmallMolecule
Retriever,biolink:affects,biolink:ChemicalEntity,biolink:SmallMolecule
Retriever,biolink:affects,biolink:Polypeptide,biolink:SmallMolecule
Retriever,biolink:affects,biolink:SmallMolecule,biolink:SmallMolecule
Retriever,biolink:affects,biolink:Gene,biolink:Disease
Retriever,biolink:gene_associated_with_condition,biolink:Gene,biolink:Disease
Retriever,biolink:interacts_with,biolink:ChemicalEntity,biolink:SmallMolecule
Retriever,biolink:affects,biolink:SmallMolecule,biolink:Gene
Retriever,biolink:interacts_with,biolink:SmallMolecule,biolink:SmallMolecule
Retriever,biolink:coexists_with,biolink:Gene,biolink:SmallMolecule
Retriever,biolink:affects,biolink:Gene,biolink:SmallMolecule
Retriever,biolink:interacts_with,biolink:Gene,biolink:SmallMolecule
Retriever,biolink:correlated_with,biolink:SmallMolecule,biolink:SmallMolecule
